Country,League,Season,Date,Home,Away
Brazil,Serie A,2015,09/05/15,Chapecoense,Coritiba
Brazil,Serie A,2015,09/05/15,Palmeiras,Atletico-MG
Brazil,Serie A,2015,09/05/15,Fluminense,Joinville
Brazil,Serie A,2015,10/05/15,Gremio,Ponte Preta
Brazil,Serie A,2015,10/05/15,Atletico-PR,Internacional
Brazil,Serie A,2015,10/05/15,Cruzeiro,Corinthians
Brazil,Serie A,2015,10/05/15,Sao Paulo,Flamengo
Brazil,Serie A,2015,10/05/15,Sport,Figueirense
Brazil,Serie A,2015,10/05/15,Avai,Santos
Brazil,Serie A,2015,10/05/15,Vasco,Goias
Brazil,Serie A,2015,16/05/15,Coritiba,Gremio
Brazil,Serie A,2015,16/05/15,Goias,Atletico-PR
Brazil,Serie A,2015,16/05/15,Corinthians,Chapecoense
Brazil,Serie A,2015,17/05/15,Figueirense,Vasco
Brazil,Serie A,2015,17/05/15,Atletico-MG,Fluminense
Brazil,Serie A,2015,17/05/15,Flamengo,Sport
Brazil,Serie A,2015,17/05/15,Santos,Cruzeiro
Brazil,Serie A,2015,17/05/15,Internacional,Avai
Brazil,Serie A,2015,17/05/15,Joinville,Palmeiras
Brazil,Serie A,2015,17/05/15,Ponte Preta,Sao Paulo
Brazil,Serie A,2015,23/05/15,Sao Paulo,Joinville
Brazil,Serie A,2015,23/05/15,Vasco,Internacional
Brazil,Serie A,2015,23/05/15,Gremio,Figueirense
Brazil,Serie A,2015,24/05/15,Palmeiras,Goias
Brazil,Serie A,2015,24/05/15,Atletico-PR,Atletico-MG
Brazil,Serie A,2015,24/05/15,Avai,Flamengo
Brazil,Serie A,2015,24/05/15,Chapecoense,Santos
Brazil,Serie A,2015,24/05/15,Fluminense,Corinthians
Brazil,Serie A,2015,24/05/15,Cruzeiro,Ponte Preta
Brazil,Serie A,2015,24/05/15,Sport,Coritiba
Brazil,Serie A,2015,30/05/15,Coritiba,Avai
Brazil,Serie A,2015,30/05/15,Ponte Preta,Chapecoense
Brazil,Serie A,2015,30/05/15,Joinville,Atletico-PR
Brazil,Serie A,2015,31/05/15,Santos,Sport
Brazil,Serie A,2015,31/05/15,Atletico-MG,Vasco
Brazil,Serie A,2015,31/05/15,Corinthians,Palmeiras
Brazil,Serie A,2015,31/05/15,Goias,Gremio
Brazil,Serie A,2015,31/05/15,Internacional,Sao Paulo
Brazil,Serie A,2015,31/05/15,Figueirense,Cruzeiro
Brazil,Serie A,2015,31/05/15,Flamengo,Fluminense
Brazil,Serie A,2015,03/06/15,Atletico-PR,Figueirense
Brazil,Serie A,2015,03/06/15,Chapecoense,Joinville
Brazil,Serie A,2015,03/06/15,Vasco,Ponte Preta
Brazil,Serie A,2015,03/06/15,Sao Paulo,Santos
Brazil,Serie A,2015,03/06/15,Avai,Atletico-MG
Brazil,Serie A,2015,03/06/15,Cruzeiro,Flamengo
Brazil,Serie A,2015,03/06/15,Gremio,Corinthians
Brazil,Serie A,2015,04/06/15,Fluminense,Coritiba
Brazil,Serie A,2015,04/06/15,Palmeiras,Internacional
Brazil,Serie A,2015,04/06/15,Sport,Goias
Brazil,Serie A,2015,06/06/15,Atletico-MG,Cruzeiro
Brazil,Serie A,2015,06/06/15,Flamengo,Chapecoense
Brazil,Serie A,2015,06/06/15,Santos,Ponte Preta
Brazil,Serie A,2015,06/06/15,Atletico-PR,Vasco
Brazil,Serie A,2015,06/06/15,Joinville,Corinthians
Brazil,Serie A,2015,06/06/15,Sao Paulo,Gremio
Brazil,Serie A,2015,07/06/15,Internacional,Coritiba
Brazil,Serie A,2015,07/06/15,Figueirense,Palmeiras
Brazil,Serie A,2015,07/06/15,Fluminense,Sport
Brazil,Serie A,2015,07/06/15,Goias,Avai
Brazil,Serie A,2015,10/06/15,Atletico-MG,Santos
Brazil,Serie A,2015,13/06/15,Chapecoense,Sao Paulo
Brazil,Serie A,2015,13/06/15,Corinthians,Internacional
Brazil,Serie A,2015,13/06/15,Coritiba,Flamengo
Brazil,Serie A,2015,13/06/15,Sport,Joinville
Brazil,Serie A,2015,13/06/15,Vasco,Cruzeiro
Brazil,Serie A,2015,14/06/15,Ponte Preta,Goias
Brazil,Serie A,2015,14/06/15,Avai,Figueirense
Brazil,Serie A,2015,14/06/15,Gremio,Atletico-PR
Brazil,Serie A,2015,14/06/15,Palmeiras,Fluminense
Brazil,Serie A,2015,18/06/15,Figueirense,Internacional
Brazil,Serie A,2015,20/06/15,Flamengo,Atletico-MG
Brazil,Serie A,2015,20/06/15,Santos,Corinthians
Brazil,Serie A,2015,20/06/15,Sport,Vasco
Brazil,Serie A,2015,20/06/15,Gremio,Palmeiras
Brazil,Serie A,2015,21/06/15,Cruzeiro,Chapecoense
Brazil,Serie A,2015,21/06/15,Atletico-PR,Coritiba
Brazil,Serie A,2015,21/06/15,Joinville,Goias
Brazil,Serie A,2015,21/06/15,Sao Paulo,Avai
Brazil,Serie A,2015,24/06/15,Fluminense,Ponte Preta
Brazil,Serie A,2015,27/06/15,Avai,Gremio
Brazil,Serie A,2015,27/06/15,Chapecoense,Sport
Brazil,Serie A,2015,27/06/15,Corinthians,Figueirense
Brazil,Serie A,2015,28/06/15,Atletico-MG,Joinville
Brazil,Serie A,2015,28/06/15,Coritiba,Cruzeiro
Brazil,Serie A,2015,28/06/15,Goias,Fluminense
Brazil,Serie A,2015,28/06/15,Palmeiras,Sao Paulo
Brazil,Serie A,2015,28/06/15,Ponte Preta,Atletico-PR
Brazil,Serie A,2015,28/06/15,Internacional,Santos
Brazil,Serie A,2015,28/06/15,Vasco,Flamengo
Brazil,Serie A,2015,01/07/15,Sport,Internacional
Brazil,Serie A,2015,01/07/15,Vasco,Avai
Brazil,Serie A,2015,01/07/15,Atletico-MG,Coritiba
Brazil,Serie A,2015,01/07/15,Palmeiras,Chapecoense
Brazil,Serie A,2015,01/07/15,Atletico-PR,Sao Paulo
Brazil,Serie A,2015,01/07/15,Gremio,Cruzeiro
Brazil,Serie A,2015,01/07/15,Joinville,Flamengo
Brazil,Serie A,2015,02/07/15,Corinthians,Ponte Preta
Brazil,Serie A,2015,02/07/15,Figueirense,Goias
Brazil,Serie A,2015,02/07/15,Fluminense,Santos
Brazil,Serie A,2015,04/07/15,Coritiba,Joinville
Brazil,Serie A,2015,04/07/15,Chapecoense,Vasco
Brazil,Serie A,2015,04/07/15,Cruzeiro,Atletico-PR
Brazil,Serie A,2015,05/07/15,Avai,Sport
Brazil,Serie A,2015,05/07/15,Goias,Corinthians
Brazil,Serie A,2015,05/07/15,Santos,Gremio
Brazil,Serie A,2015,05/07/15,Sao Paulo,Fluminense
Brazil,Serie A,2015,05/07/15,Flamengo,Figueirense
Brazil,Serie A,2015,05/07/15,Internacional,Atletico-MG
Brazil,Serie A,2015,05/07/15,Ponte Preta,Palmeiras
Brazil,Serie A,2015,08/07/15,Chapecoense,Gremio
Brazil,Serie A,2015,08/07/15,Coritiba,Ponte Preta
Brazil,Serie A,2015,08/07/15,Goias,Santos
Brazil,Serie A,2015,08/07/15,Figueirense,Joinville
Brazil,Serie A,2015,08/07/15,Palmeiras,Avai
Brazil,Serie A,2015,08/07/15,Atletico-MG,Sport
Brazil,Serie A,2015,08/07/15,Internacional,Flamengo
Brazil,Serie A,2015,08/07/15,Vasco,Sao Paulo
Brazil,Serie A,2015,09/07/15,Corinthians,Atletico-PR
Brazil,Serie A,2015,09/07/15,Fluminense,Cruzeiro
Brazil,Serie A,2015,11/07/15,Gremio,Vasco
Brazil,Serie A,2015,11/07/15,Santos,Figueirense
Brazil,Serie A,2015,11/07/15,Ponte Preta,Atletico-MG
Brazil,Serie A,2015,12/07/15,Sao Paulo,Coritiba
Brazil,Serie A,2015,12/07/15,Atletico-PR,Fluminense
Brazil,Serie A,2015,12/07/15,Cruzeiro,Goias
Brazil,Serie A,2015,12/07/15,Flamengo,Corinthians
Brazil,Serie A,2015,12/07/15,Joinville,Internacional
Brazil,Serie A,2015,12/07/15,Avai,Chapecoense
Brazil,Serie A,2015,12/07/15,Sport,Palmeiras
Brazil,Serie A,2015,18/07/15,Flamengo,Gremio
Brazil,Serie A,2015,18/07/15,Internacional,Goias
Brazil,Serie A,2015,18/07/15,Corinthians,Atletico-MG
Brazil,Serie A,2015,19/07/15,Atletico-PR,Chapecoense
Brazil,Serie A,2015,19/07/15,Figueirense,Coritiba
Brazil,Serie A,2015,19/07/15,Fluminense,Vasco
Brazil,Serie A,2015,19/07/15,Palmeiras,Santos
Brazil,Serie A,2015,19/07/15,Sport,Sao Paulo
Brazil,Serie A,2015,19/07/15,Cruzeiro,Avai
Brazil,Serie A,2015,19/07/15,Joinville,Ponte Preta
Brazil,Serie A,2015,25/07/15,Avai,Atletico-PR
Brazil,Serie A,2015,25/07/15,Gremio,Sport
Brazil,Serie A,2015,25/07/15,Atletico-MG,Figueirense
Brazil,Serie A,2015,26/07/15,Chapecoense,Fluminense
Brazil,Serie A,2015,26/07/15,Santos,Joinville
Brazil,Serie A,2015,26/07/15,Coritiba,Corinthians
Brazil,Serie A,2015,26/07/15,Goias,Flamengo
Brazil,Serie A,2015,26/07/15,Ponte Preta,Internacional
Brazil,Serie A,2015,26/07/15,Sao Paulo,Cruzeiro
Brazil,Serie A,2015,26/07/15,Vasco,Palmeiras
Brazil,Serie A,2015,29/07/15,Atletico-MG,Sao Paulo
Brazil,Serie A,2015,29/07/15,Corinthians,Vasco
Brazil,Serie A,2015,01/08/15,Fluminense,Gremio
Brazil,Serie A,2015,02/08/15,Coritiba,Goias
Brazil,Serie A,2015,02/08/15,Palmeiras,Atletico-PR
Brazil,Serie A,2015,02/08/15,Figueirense,Ponte Preta
Brazil,Serie A,2015,02/08/15,Flamengo,Santos
Brazil,Serie A,2015,02/08/15,Internacional,Chapecoense
Brazil,Serie A,2015,02/08/15,Joinville,Avai
Brazil,Serie A,2015,02/08/15,Sport,Cruzeiro
Brazil,Serie A,2015,08/08/15,Avai,Fluminense
Brazil,Serie A,2015,08/08/15,Santos,Coritiba
Brazil,Serie A,2015,09/08/15,Atletico-PR,Sport
Brazil,Serie A,2015,09/08/15,Vasco,Joinville
Brazil,Serie A,2015,09/08/15,Cruzeiro,Palmeiras
Brazil,Serie A,2015,09/08/15,Goias,Atletico-MG
Brazil,Serie A,2015,09/08/15,Ponte Preta,Flamengo
Brazil,Serie A,2015,09/08/15,Sao Paulo,Corinthians
Brazil,Serie A,2015,09/08/15,Chapecoense,Figueirense
Brazil,Serie A,2015,09/08/15,Gremio,Internacional
Brazil,Serie A,2015,12/08/15,Coritiba,Palmeiras
Brazil,Serie A,2015,12/08/15,Flamengo,Atletico-PR
Brazil,Serie A,2015,12/08/15,Goias,Chapecoense
Brazil,Serie A,2015,12/08/15,Santos,Vasco
Brazil,Serie A,2015,12/08/15,Corinthians,Sport
Brazil,Serie A,2015,12/08/15,Figueirense,Sao Paulo
Brazil,Serie A,2015,12/08/15,Internacional,Fluminense
Brazil,Serie A,2015,13/08/15,Ponte Preta,Avai
Brazil,Serie A,2015,13/08/15,Atletico-MG,Gremio
Brazil,Serie A,2015,13/08/15,Joinville,Cruzeiro
Brazil,Serie A,2015,15/08/15,Atletico-PR,Santos
Brazil,Serie A,2015,15/08/15,Vasco,Coritiba
Brazil,Serie A,2015,15/08/15,Sao Paulo,Goias
Brazil,Serie A,2015,16/08/15,Palmeiras,Flamengo
Brazil,Serie A,2015,16/08/15,Avai,Corinthians
Brazil,Serie A,2015,16/08/15,Cruzeiro,Internacional
Brazil,Serie A,2015,16/08/15,Fluminense,Figueirense
Brazil,Serie A,2015,16/08/15,Sport,Ponte Preta
Brazil,Serie A,2015,16/08/15,Chapecoense,Atletico-MG
Brazil,Serie A,2015,16/08/15,Gremio,Joinville
Brazil,Serie A,2015,22/08/15,Goias,Vasco
Brazil,Serie A,2015,22/08/15,Santos,Avai
Brazil,Serie A,2015,22/08/15,Figueirense,Sport
Brazil,Serie A,2015,23/08/15,Coritiba,Chapecoense
Brazil,Serie A,2015,23/08/15,Ponte Preta,Gremio
Brazil,Serie A,2015,23/08/15,Corinthians,Cruzeiro
Brazil,Serie A,2015,23/08/15,Flamengo,Sao Paulo
Brazil,Serie A,2015,23/08/15,Internacional,Atletico-PR
Brazil,Serie A,2015,23/08/15,Joinville,Fluminense
Brazil,Serie A,2015,23/08/15,Atletico-MG,Palmeiras
Brazil,Serie A,2015,29/08/15,Vasco,Figueirense
Brazil,Serie A,2015,29/08/15,Sao Paulo,Ponte Preta
Brazil,Serie A,2015,30/08/15,Avai,Internacional
Brazil,Serie A,2015,30/08/15,Gremio,Coritiba
Brazil,Serie A,2015,30/08/15,Chapecoense,Corinthians
Brazil,Serie A,2015,30/08/15,Fluminense,Atletico-MG
Brazil,Serie A,2015,30/08/15,Palmeiras,Joinville
Brazil,Serie A,2015,30/08/15,Sport,Flamengo
Brazil,Serie A,2015,30/08/15,Atletico-PR,Goias
Brazil,Serie A,2015,30/08/15,Cruzeiro,Santos
Brazil,Serie A,2015,02/09/15,Internacional,Vasco
Brazil,Serie A,2015,02/09/15,Joinville,Sao Paulo
Brazil,Serie A,2015,02/09/15,Ponte Preta,Cruzeiro
Brazil,Serie A,2015,02/09/15,Atletico-MG,Atletico-PR
Brazil,Serie A,2015,02/09/15,Flamengo,Avai
Brazil,Serie A,2015,02/09/15,Corinthians,Fluminense
Brazil,Serie A,2015,02/09/15,Coritiba,Sport
Brazil,Serie A,2015,02/09/15,Goias,Palmeiras
Brazil,Serie A,2015,03/09/15,Santos,Chapecoense
Brazil,Serie A,2015,03/09/15,Figueirense,Gremio
Brazil,Serie A,2015,05/09/15,Sao Paulo,Internacional
Brazil,Serie A,2015,05/09/15,Vasco,Atletico-MG
Brazil,Serie A,2015,05/09/15,Atletico-PR,Joinville
Brazil,Serie A,2015,06/09/15,Chapecoense,Ponte Preta
Brazil,Serie A,2015,06/09/15,Cruzeiro,Figueirense
Brazil,Serie A,2015,06/09/15,Avai,Coritiba
Brazil,Serie A,2015,06/09/15,Fluminense,Flamengo
Brazil,Serie A,2015,06/09/15,Gremio,Goias
Brazil,Serie A,2015,06/09/15,Palmeiras,Corinthians
Brazil,Serie A,2015,06/09/15,Sport,Santos
Brazil,Serie A,2015,09/09/15,Atletico-MG,Avai
Brazil,Serie A,2015,09/09/15,Internacional,Palmeiras
Brazil,Serie A,2015,09/09/15,Ponte Preta,Vasco
Brazil,Serie A,2015,09/09/15,Figueirense,Atletico-PR
Brazil,Serie A,2015,09/09/15,Corinthians,Gremio
Brazil,Serie A,2015,09/09/15,Coritiba,Fluminense
Brazil,Serie A,2015,09/09/15,Santos,Sao Paulo
Brazil,Serie A,2015,10/09/15,Goias,Sport
Brazil,Serie A,2015,10/09/15,Flamengo,Cruzeiro
Brazil,Serie A,2015,10/09/15,Joinville,Chapecoense
Brazil,Serie A,2015,12/09/15,Coritiba,Internacional
Brazil,Serie A,2015,12/09/15,Palmeiras,Figueirense
Brazil,Serie A,2015,13/09/15,Corinthians,Joinville
Brazil,Serie A,2015,13/09/15,Ponte Preta,Santos
Brazil,Serie A,2015,13/09/15,Chapecoense,Flamengo
Brazil,Serie A,2015,13/09/15,Cruzeiro,Atletico-MG
Brazil,Serie A,2015,13/09/15,Gremio,Sao Paulo
Brazil,Serie A,2015,13/09/15,Vasco,Atletico-PR
Brazil,Serie A,2015,13/09/15,Avai,Goias
Brazil,Serie A,2015,13/09/15,Sport,Fluminense
Brazil,Serie A,2015,16/09/15,Fluminense,Palmeiras
Brazil,Serie A,2015,16/09/15,Goias,Ponte Preta
Brazil,Serie A,2015,16/09/15,Joinville,Sport
Brazil,Serie A,2015,16/09/15,Atletico-PR,Gremio
Brazil,Serie A,2015,16/09/15,Figueirense,Avai
Brazil,Serie A,2015,16/09/15,Cruzeiro,Vasco
Brazil,Serie A,2015,16/09/15,Internacional,Corinthians
Brazil,Serie A,2015,16/09/15,Santos,Atletico-MG
Brazil,Serie A,2015,17/09/15,Sao Paulo,Chapecoense
Brazil,Serie A,2015,17/09/15,Flamengo,Coritiba
Brazil,Serie A,2015,19/09/15,Internacional,Figueirense
Brazil,Serie A,2015,19/09/15,Palmeiras,Gremio
Brazil,Serie A,2015,19/09/15,Ponte Preta,Fluminense
Brazil,Serie A,2015,20/09/15,Corinthians,Santos
Brazil,Serie A,2015,20/09/15,Goias,Joinville
Brazil,Serie A,2015,20/09/15,Atletico-MG,Flamengo
Brazil,Serie A,2015,20/09/15,Avai,Sao Paulo
Brazil,Serie A,2015,20/09/15,Vasco,Sport
Brazil,Serie A,2015,20/09/15,Chapecoense,Cruzeiro
Brazil,Serie A,2015,20/09/15,Coritiba,Atletico-PR
Brazil,Serie A,2015,26/09/15,Fluminense,Goias
Brazil,Serie A,2015,26/09/15,Gremio,Avai
Brazil,Serie A,2015,27/09/15,Atletico-PR,Ponte Preta
Brazil,Serie A,2015,27/09/15,Santos,Internacional
Brazil,Serie A,2015,27/09/15,Figueirense,Corinthians
Brazil,Serie A,2015,27/09/15,Flamengo,Vasco
Brazil,Serie A,2015,27/09/15,Joinville,Atletico-MG
Brazil,Serie A,2015,27/09/15,Sao Paulo,Palmeiras
Brazil,Serie A,2015,27/09/15,Cruzeiro,Coritiba
Brazil,Serie A,2015,27/09/15,Sport,Chapecoense
Brazil,Serie A,2015,03/10/15,Coritiba,Atletico-MG
Brazil,Serie A,2015,03/10/15,Internacional,Sport
Brazil,Serie A,2015,03/10/15,Sao Paulo,Atletico-PR
Brazil,Serie A,2015,04/10/15,Avai,Vasco
Brazil,Serie A,2015,04/10/15,Flamengo,Joinville
Brazil,Serie A,2015,04/10/15,Cruzeiro,Gremio
Brazil,Serie A,2015,04/10/15,Goias,Figueirense
Brazil,Serie A,2015,04/10/15,Ponte Preta,Corinthians
Brazil,Serie A,2015,04/10/15,Santos,Fluminense
Brazil,Serie A,2015,04/10/15,Chapecoense,Palmeiras
Brazil,Serie A,2015,14/10/15,Atletico-MG,Internacional
Brazil,Serie A,2015,14/10/15,Sport,Avai
Brazil,Serie A,2015,14/10/15,Figueirense,Flamengo
Brazil,Serie A,2015,14/10/15,Joinville,Coritiba
Brazil,Serie A,2015,14/10/15,Palmeiras,Ponte Preta
Brazil,Serie A,2015,14/10/15,Atletico-PR,Cruzeiro
Brazil,Serie A,2015,14/10/15,Fluminense,Sao Paulo
Brazil,Serie A,2015,15/10/15,Corinthians,Goias
Brazil,Serie A,2015,15/10/15,Vasco,Chapecoense
Brazil,Serie A,2015,15/10/15,Gremio,Santos
Brazil,Serie A,2015,17/10/15,Avai,Palmeiras
Brazil,Serie A,2015,17/10/15,Joinville,Figueirense
Brazil,Serie A,2015,18/10/15,Cruzeiro,Fluminense
Brazil,Serie A,2015,18/10/15,Ponte Preta,Coritiba
Brazil,Serie A,2015,18/10/15,Atletico-PR,Corinthians
Brazil,Serie A,2015,18/10/15,Flamengo,Internacional
Brazil,Serie A,2015,18/10/15,Sao Paulo,Vasco
Brazil,Serie A,2015,18/10/15,Gremio,Chapecoense
Brazil,Serie A,2015,18/10/15,Santos,Goias
Brazil,Serie A,2015,18/10/15,Sport,Atletico-MG
Brazil,Serie A,2015,24/10/15,Fluminense,Atletico-PR
Brazil,Serie A,2015,24/10/15,Figueirense,Santos
Brazil,Serie A,2015,24/10/15,Internacional,Joinville
Brazil,Serie A,2015,24/10/15,Palmeiras,Sport
Brazil,Serie A,2015,25/10/15,Chapecoense,Avai
Brazil,Serie A,2015,25/10/15,Corinthians,Flamengo
Brazil,Serie A,2015,25/10/15,Coritiba,Sao Paulo
Brazil,Serie A,2015,25/10/15,Vasco,Gremio
Brazil,Serie A,2015,25/10/15,Goias,Cruzeiro
Brazil,Serie A,2015,25/10/15,Atletico-MG,Ponte Preta
Brazil,Serie A,2015,31/10/15,Sao Paulo,Sport
Brazil,Serie A,2015,31/10/15,Avai,Cruzeiro
Brazil,Serie A,2015,31/10/15,Ponte Preta,Joinville
Brazil,Serie A,2015,31/10/15,Coritiba,Figueirense
Brazil,Serie A,2015,01/11/15,Atletico-MG,Corinthians
Brazil,Serie A,2015,01/11/15,Chapecoense,Atletico-PR
Brazil,Serie A,2015,01/11/15,Gremio,Flamengo
Brazil,Serie A,2015,01/11/15,Santos,Palmeiras
Brazil,Serie A,2015,01/11/15,Vasco,Fluminense
Brazil,Serie A,2015,01/11/15,Goias,Internacional
Brazil,Serie A,2015,07/11/15,Internacional,Ponte Preta
Brazil,Serie A,2015,07/11/15,Atletico-PR,Avai
Brazil,Serie A,2015,07/11/15,Corinthians,Coritiba
Brazil,Serie A,2015,07/11/15,Fluminense,Chapecoense
Brazil,Serie A,2015,08/11/15,Cruzeiro,Sao Paulo
Brazil,Serie A,2015,08/11/15,Figueirense,Atletico-MG
Brazil,Serie A,2015,08/11/15,Flamengo,Goias
Brazil,Serie A,2015,08/11/15,Palmeiras,Vasco
Brazil,Serie A,2015,08/11/15,Joinville,Santos
Brazil,Serie A,2015,08/11/15,Sport,Gremio
Brazil,Serie A,2015,15/11/15,Cruzeiro,Sport
Brazil,Serie A,2015,18/11/15,Goias,Coritiba
Brazil,Serie A,2015,18/11/15,Atletico-PR,Palmeiras
Brazil,Serie A,2015,18/11/15,Avai,Joinville
Brazil,Serie A,2015,18/11/15,Ponte Preta,Figueirense
Brazil,Serie A,2015,19/11/15,Chapecoense,Internacional
Brazil,Serie A,2015,19/11/15,Gremio,Fluminense
Brazil,Serie A,2015,19/11/15,Santos,Flamengo
Brazil,Serie A,2015,19/11/15,Sao Paulo,Atletico-MG
Brazil,Serie A,2015,19/11/15,Vasco,Corinthians
Brazil,Serie A,2015,21/11/15,Palmeiras,Cruzeiro
Brazil,Serie A,2015,22/11/15,Atletico-MG,Goias
Brazil,Serie A,2015,22/11/15,Corinthians,Sao Paulo
Brazil,Serie A,2015,22/11/15,Figueirense,Chapecoense
Brazil,Serie A,2015,22/11/15,Internacional,Gremio
Brazil,Serie A,2015,22/11/15,Joinville,Vasco
Brazil,Serie A,2015,22/11/15,Flamengo,Ponte Preta
Brazil,Serie A,2015,22/11/15,Coritiba,Santos
Brazil,Serie A,2015,22/11/15,Fluminense,Avai
Brazil,Serie A,2015,22/11/15,Sport,Atletico-PR
Brazil,Serie A,2015,28/11/15,Sao Paulo,Figueirense
Brazil,Serie A,2015,28/11/15,Fluminense,Internacional
Brazil,Serie A,2015,28/11/15,Avai,Ponte Preta
Brazil,Serie A,2015,29/11/15,Cruzeiro,Joinville
Brazil,Serie A,2015,29/11/15,Gremio,Atletico-MG
Brazil,Serie A,2015,29/11/15,Sport,Corinthians
Brazil,Serie A,2015,29/11/15,Chapecoense,Goias
Brazil,Serie A,2015,29/11/15,Palmeiras,Coritiba
Brazil,Serie A,2015,29/11/15,Vasco,Santos
Brazil,Serie A,2015,29/11/15,Atletico-PR,Flamengo
Brazil,Serie A,2015,06/12/15,Atletico-MG,Chapecoense
Brazil,Serie A,2015,06/12/15,Corinthians,Avai
Brazil,Serie A,2015,06/12/15,Coritiba,Vasco
Brazil,Serie A,2015,06/12/15,Figueirense,Fluminense
Brazil,Serie A,2015,06/12/15,Flamengo,Palmeiras
Brazil,Serie A,2015,06/12/15,Goias,Sao Paulo
Brazil,Serie A,2015,06/12/15,Internacional,Cruzeiro
Brazil,Serie A,2015,06/12/15,Joinville,Gremio
Brazil,Serie A,2015,06/12/15,Ponte Preta,Sport
Brazil,Serie A,2015,06/12/15,Santos,Atletico-PR
Brazil,Serie A,2016,14/05/16,Flamengo,Sport
Brazil,Serie A,2016,14/05/16,Palmeiras,Atletico-PR
Brazil,Serie A,2016,14/05/16,Atletico-MG,Santos
Brazil,Serie A,2016,14/05/16,Coritiba,Cruzeiro
Brazil,Serie A,2016,15/05/16,Botafogo,Sao Paulo
Brazil,Serie A,2016,15/05/16,Santa Cruz PE,Vitoria
Brazil,Serie A,2016,15/05/16,America MG,Fluminense
Brazil,Serie A,2016,15/05/16,Corinthians,Gremio
Brazil,Serie A,2016,15/05/16,Figueirense,Ponte Preta
Brazil,Serie A,2016,15/05/16,Internacional,Chapecoense
Brazil,Serie A,2016,21/05/16,Ponte Preta,Palmeiras
Brazil,Serie A,2016,21/05/16,Fluminense,Santa Cruz PE
Brazil,Serie A,2016,21/05/16,Cruzeiro,Figueirense
Brazil,Serie A,2016,22/05/16,Atletico-PR,Atletico-MG
Brazil,Serie A,2016,22/05/16,Santos,Coritiba
Brazil,Serie A,2016,22/05/16,Chapecoense,America MG
Brazil,Serie A,2016,22/05/16,Gremio,Flamengo
Brazil,Serie A,2016,22/05/16,Sao Paulo,Internacional
Brazil,Serie A,2016,22/05/16,Vitoria,Corinthians
Brazil,Serie A,2016,22/05/16,Sport,Botafogo
Brazil,Serie A,2016,25/05/16,Botafogo,Atletico-PR
Brazil,Serie A,2016,25/05/16,Figueirense,Santos
Brazil,Serie A,2016,25/05/16,America MG,Vitoria
Brazil,Serie A,2016,25/05/16,Flamengo,Chapecoense
Brazil,Serie A,2016,25/05/16,Coritiba,Sao Paulo
Brazil,Serie A,2016,25/05/16,Palmeiras,Fluminense
Brazil,Serie A,2016,25/05/16,Santa Cruz PE,Cruzeiro
Brazil,Serie A,2016,26/05/16,Corinthians,Ponte Preta
Brazil,Serie A,2016,26/05/16,Internacional,Sport
Brazil,Serie A,2016,26/05/16,Atletico-MG,Gremio
Brazil,Serie A,2016,28/05/16,Cruzeiro,America MG
Brazil,Serie A,2016,28/05/16,Atletico-PR,Figueirense
Brazil,Serie A,2016,28/05/16,Chapecoense,Santa Cruz PE
Brazil,Serie A,2016,29/05/16,Ponte Preta,Flamengo
Brazil,Serie A,2016,29/05/16,Sport,Corinthians
Brazil,Serie A,2016,29/05/16,Fluminense,Botafogo
Brazil,Serie A,2016,29/05/16,Sao Paulo,Palmeiras
Brazil,Serie A,2016,29/05/16,Vitoria,Atletico-MG
Brazil,Serie A,2016,29/05/16,Gremio,Coritiba
Brazil,Serie A,2016,29/05/16,Santos,Internacional
Brazil,Serie A,2016,01/06/16,Internacional,Atletico-PR
Brazil,Serie A,2016,01/06/16,Corinthians,Santos
Brazil,Serie A,2016,01/06/16,Coritiba,Chapecoense
Brazil,Serie A,2016,01/06/16,Santa Cruz PE,Sport
Brazil,Serie A,2016,01/06/16,Atletico-MG,Fluminense
Brazil,Serie A,2016,01/06/16,Botafogo,Cruzeiro
Brazil,Serie A,2016,01/06/16,Figueirense,Sao Paulo
Brazil,Serie A,2016,02/06/16,America MG,Ponte Preta
Brazil,Serie A,2016,02/06/16,Flamengo,Vitoria
Brazil,Serie A,2016,02/06/16,Palmeiras,Gremio
Brazil,Serie A,2016,04/06/16,Atletico-PR,Santa Cruz PE
Brazil,Serie A,2016,04/06/16,Chapecoense,Fluminense
Brazil,Serie A,2016,04/06/16,Corinthians,Coritiba
Brazil,Serie A,2016,05/06/16,America MG,Figueirense
Brazil,Serie A,2016,05/06/16,Santos,Botafogo
Brazil,Serie A,2016,05/06/16,Flamengo,Palmeiras
Brazil,Serie A,2016,05/06/16,Gremio,Ponte Preta
Brazil,Serie A,2016,05/06/16,Sport,Atletico-MG
Brazil,Serie A,2016,05/06/16,Vitoria,Internacional
Brazil,Serie A,2016,05/06/16,Cruzeiro,Sao Paulo
Brazil,Serie A,2016,11/06/16,Internacional,America MG
Brazil,Serie A,2016,11/06/16,Ponte Preta,Chapecoense
Brazil,Serie A,2016,11/06/16,Fluminense,Gremio
Brazil,Serie A,2016,11/06/16,Sao Paulo,Atletico-PR
Brazil,Serie A,2016,12/06/16,Botafogo,Vitoria
Brazil,Serie A,2016,12/06/16,Coritiba,Sport
Brazil,Serie A,2016,12/06/16,Atletico-MG,Cruzeiro
Brazil,Serie A,2016,12/06/16,Figueirense,Flamengo
Brazil,Serie A,2016,12/06/16,Palmeiras,Corinthians
Brazil,Serie A,2016,12/06/16,Santa Cruz PE,Santos
Brazil,Serie A,2016,15/06/16,Chapecoense,Gremio
Brazil,Serie A,2016,15/06/16,Ponte Preta,Atletico-PR
Brazil,Serie A,2016,15/06/16,Sao Paulo,Vitoria
Brazil,Serie A,2016,15/06/16,Botafogo,America MG
Brazil,Serie A,2016,15/06/16,Santa Cruz PE,Figueirense
Brazil,Serie A,2016,15/06/16,Santos,Sport
Brazil,Serie A,2016,15/06/16,Coritiba,Palmeiras
Brazil,Serie A,2016,15/06/16,Cruzeiro,Flamengo
Brazil,Serie A,2016,16/06/16,Internacional,Atletico-MG
Brazil,Serie A,2016,16/06/16,Fluminense,Corinthians
Brazil,Serie A,2016,18/06/16,Palmeiras,Santa Cruz PE
Brazil,Serie A,2016,18/06/16,Atletico-PR,Santos
Brazil,Serie A,2016,18/06/16,America MG,Coritiba
Brazil,Serie A,2016,19/06/16,Atletico-MG,Ponte Preta
Brazil,Serie A,2016,19/06/16,Vitoria,Chapecoense
Brazil,Serie A,2016,19/06/16,Corinthians,Botafogo
Brazil,Serie A,2016,19/06/16,Figueirense,Internacional
Brazil,Serie A,2016,19/06/16,Flamengo,Sao Paulo
Brazil,Serie A,2016,19/06/16,Sport,Fluminense
Brazil,Serie A,2016,19/06/16,Gremio,Cruzeiro
Brazil,Serie A,2016,21/06/16,Palmeiras,America MG
Brazil,Serie A,2016,22/06/16,Ponte Preta,Cruzeiro
Brazil,Serie A,2016,22/06/16,Botafogo,Figueirense
Brazil,Serie A,2016,22/06/16,Santa Cruz PE,Flamengo
Brazil,Serie A,2016,22/06/16,Atletico-MG,Corinthians
Brazil,Serie A,2016,22/06/16,Fluminense,Santos
Brazil,Serie A,2016,22/06/16,Chapecoense,Atletico-PR
Brazil,Serie A,2016,23/06/16,Gremio,Vitoria
Brazil,Serie A,2016,23/06/16,Sao Paulo,Sport
Brazil,Serie A,2016,23/06/16,Coritiba,Internacional
Brazil,Serie A,2016,25/06/16,Cruzeiro,Palmeiras
Brazil,Serie A,2016,25/06/16,Corinthians,Santa Cruz PE
Brazil,Serie A,2016,26/06/16,America MG,Atletico-MG
Brazil,Serie A,2016,26/06/16,Atletico-PR,Gremio
Brazil,Serie A,2016,26/06/16,Flamengo,Fluminense
Brazil,Serie A,2016,26/06/16,Internacional,Botafogo
Brazil,Serie A,2016,26/06/16,Santos,Sao Paulo
Brazil,Serie A,2016,26/06/16,Vitoria,Ponte Preta
Brazil,Serie A,2016,26/06/16,Figueirense,Coritiba
Brazil,Serie A,2016,26/06/16,Sport,Chapecoense
Brazil,Serie A,2016,29/06/16,Flamengo,Internacional
Brazil,Serie A,2016,29/06/16,Gremio,Santos
Brazil,Serie A,2016,29/06/16,Vitoria,Sport
Brazil,Serie A,2016,29/06/16,Chapecoense,Cruzeiro
Brazil,Serie A,2016,29/06/16,Coritiba,Atletico-PR
Brazil,Serie A,2016,29/06/16,America MG,Corinthians
Brazil,Serie A,2016,29/06/16,Sao Paulo,Fluminense
Brazil,Serie A,2016,30/06/16,Palmeiras,Figueirense
Brazil,Serie A,2016,30/06/16,Santa Cruz PE,Ponte Preta
Brazil,Serie A,2016,30/06/16,Atletico-MG,Botafogo
Brazil,Serie A,2016,02/07/16,Fluminense,Coritiba
Brazil,Serie A,2016,02/07/16,Atletico-PR,America MG
Brazil,Serie A,2016,03/07/16,Cruzeiro,Vitoria
Brazil,Serie A,2016,03/07/16,Internacional,Gremio
Brazil,Serie A,2016,03/07/16,Botafogo,Santa Cruz PE
Brazil,Serie A,2016,03/07/16,Corinthians,Flamengo
Brazil,Serie A,2016,03/07/16,Ponte Preta,Sao Paulo
Brazil,Serie A,2016,03/07/16,Santos,Chapecoense
Brazil,Serie A,2016,03/07/16,Figueirense,Atletico-MG
Brazil,Serie A,2016,04/07/16,Sport,Palmeiras
Brazil,Serie A,2016,09/07/16,Chapecoense,Corinthians
Brazil,Serie A,2016,09/07/16,Coritiba,Botafogo
Brazil,Serie A,2016,09/07/16,Ponte Preta,Sport
Brazil,Serie A,2016,10/07/16,Flamengo,Atletico-MG
Brazil,Serie A,2016,10/07/16,Gremio,Figueirense
Brazil,Serie A,2016,10/07/16,Santa Cruz PE,Internacional
Brazil,Serie A,2016,10/07/16,Sao Paulo,America MG
Brazil,Serie A,2016,10/07/16,Vitoria,Fluminense
Brazil,Serie A,2016,11/07/16,Cruzeiro,Atletico-PR
Brazil,Serie A,2016,12/07/16,Palmeiras,Santos
Brazil,Serie A,2016,16/07/16,Botafogo,Flamengo
Brazil,Serie A,2016,16/07/16,Santos,Ponte Preta
Brazil,Serie A,2016,17/07/16,America MG,Santa Cruz PE
Brazil,Serie A,2016,17/07/16,Atletico-PR,Vitoria
Brazil,Serie A,2016,17/07/16,Corinthians,Sao Paulo
Brazil,Serie A,2016,17/07/16,Figueirense,Chapecoense
Brazil,Serie A,2016,17/07/16,Fluminense,Cruzeiro
Brazil,Serie A,2016,17/07/16,Internacional,Palmeiras
Brazil,Serie A,2016,17/07/16,Sport,Gremio
Brazil,Serie A,2016,18/07/16,Atletico-MG,Coritiba
Brazil,Serie A,2016,23/07/16,Corinthians,Figueirense
Brazil,Serie A,2016,23/07/16,Santa Cruz PE,Coritiba
Brazil,Serie A,2016,24/07/16,Palmeiras,Atletico-MG
Brazil,Serie A,2016,24/07/16,Ponte Preta,Internacional
Brazil,Serie A,2016,24/07/16,Atletico-PR,Fluminense
Brazil,Serie A,2016,24/07/16,Chapecoense,Botafogo
Brazil,Serie A,2016,24/07/16,Cruzeiro,Sport
Brazil,Serie A,2016,24/07/16,Gremio,Sao Paulo
Brazil,Serie A,2016,24/07/16,Vitoria,Santos
Brazil,Serie A,2016,25/07/16,Flamengo,America MG
Brazil,Serie A,2016,30/07/16,Figueirense,Vitoria
Brazil,Serie A,2016,30/07/16,Sport,Atletico-PR
Brazil,Serie A,2016,30/07/16,Atletico-MG,Santa Cruz PE
Brazil,Serie A,2016,31/07/16,Fluminense,Ponte Preta
Brazil,Serie A,2016,31/07/16,Sao Paulo,Chapecoense
Brazil,Serie A,2016,31/07/16,Coritiba,Flamengo
Brazil,Serie A,2016,31/07/16,Internacional,Corinthians
Brazil,Serie A,2016,31/07/16,Santos,Cruzeiro
Brazil,Serie A,2016,31/07/16,America MG,Gremio
Brazil,Serie A,2016,31/07/16,Botafogo,Palmeiras
Brazil,Serie A,2016,03/08/16,Sport,America MG
Brazil,Serie A,2016,03/08/16,Vitoria,Coritiba
Brazil,Serie A,2016,03/08/16,Atletico-PR,Corinthians
Brazil,Serie A,2016,03/08/16,Santos,Flamengo
Brazil,Serie A,2016,04/08/16,Ponte Preta,Botafogo
Brazil,Serie A,2016,04/08/16,Gremio,Santa Cruz PE
Brazil,Serie A,2016,04/08/16,Sao Paulo,Atletico-MG
Brazil,Serie A,2016,04/08/16,Cruzeiro,Internacional
Brazil,Serie A,2016,04/08/16,Chapecoense,Palmeiras
Brazil,Serie A,2016,06/08/16,Flamengo,Atletico-PR
Brazil,Serie A,2016,07/08/16,America MG,Santos
Brazil,Serie A,2016,07/08/16,Coritiba,Ponte Preta
Brazil,Serie A,2016,07/08/16,Palmeiras,Vitoria
Brazil,Serie A,2016,07/08/16,Internacional,Fluminense
Brazil,Serie A,2016,07/08/16,Santa Cruz PE,Sao Paulo
Brazil,Serie A,2016,07/08/16,Figueirense,Sport
Brazil,Serie A,2016,08/08/16,Atletico-MG,Chapecoense
Brazil,Serie A,2016,08/08/16,Corinthians,Cruzeiro
Brazil,Serie A,2016,13/08/16,Sport,Flamengo
Brazil,Serie A,2016,13/08/16,Ponte Preta,Figueirense
Brazil,Serie A,2016,14/08/16,Fluminense,America MG
Brazil,Serie A,2016,14/08/16,Gremio,Corinthians
Brazil,Serie A,2016,14/08/16,Cruzeiro,Coritiba
Brazil,Serie A,2016,14/08/16,Santos,Atletico-MG
Brazil,Serie A,2016,14/08/16,Vitoria,Santa Cruz PE
Brazil,Serie A,2016,14/08/16,Sao Paulo,Botafogo
Brazil,Serie A,2016,14/08/16,Atletico-PR,Palmeiras
Brazil,Serie A,2016,15/08/16,Chapecoense,Internacional
Brazil,Serie A,2016,19/08/16,America MG,Chapecoense
Brazil,Serie A,2016,20/08/16,Botafogo,Sport
Brazil,Serie A,2016,21/08/16,Atletico-MG,Atletico-PR
Brazil,Serie A,2016,21/08/16,Flamengo,Gremio
Brazil,Serie A,2016,21/08/16,Internacional,Sao Paulo
Brazil,Serie A,2016,21/08/16,Palmeiras,Ponte Preta
Brazil,Serie A,2016,21/08/16,Santa Cruz PE,Fluminense
Brazil,Serie A,2016,21/08/16,Coritiba,Santos
Brazil,Serie A,2016,21/08/16,Figueirense,Cruzeiro
Brazil,Serie A,2016,22/08/16,Corinthians,Vitoria
Brazil,Serie A,2016,27/08/16,Ponte Preta,Corinthians
Brazil,Serie A,2016,28/08/16,Cruzeiro,Santa Cruz PE
Brazil,Serie A,2016,28/08/16,Santos,Figueirense
Brazil,Serie A,2016,28/08/16,Chapecoense,Flamengo
Brazil,Serie A,2016,28/08/16,Fluminense,Palmeiras
Brazil,Serie A,2016,28/08/16,Gremio,Atletico-MG
Brazil,Serie A,2016,28/08/16,Sao Paulo,Coritiba
Brazil,Serie A,2016,28/08/16,Sport,Internacional
Brazil,Serie A,2016,28/08/16,Vitoria,America MG
Brazil,Serie A,2016,29/08/16,Atletico-PR,Botafogo
Brazil,Serie A,2016,03/09/16,Fluminense,Figueirense
Brazil,Serie A,2016,04/09/16,Botafogo,Gremio
Brazil,Serie A,2016,07/09/16,Botafogo,Fluminense
Brazil,Serie A,2016,07/09/16,Figueirense,Atletico-PR
Brazil,Serie A,2016,07/09/16,Santa Cruz PE,Chapecoense
Brazil,Serie A,2016,07/09/16,Atletico-MG,Vitoria
Brazil,Serie A,2016,07/09/16,Coritiba,Gremio
Brazil,Serie A,2016,07/09/16,Flamengo,Ponte Preta
Brazil,Serie A,2016,07/09/16,Palmeiras,Sao Paulo
Brazil,Serie A,2016,08/09/16,Corinthians,Sport
Brazil,Serie A,2016,08/09/16,America MG,Cruzeiro
Brazil,Serie A,2016,08/09/16,Internacional,Santos
Brazil,Serie A,2016,10/09/16,Vitoria,Flamengo
Brazil,Serie A,2016,11/09/16,Chapecoense,Coritiba
Brazil,Serie A,2016,11/09/16,Sao Paulo,Figueirense
Brazil,Serie A,2016,11/09/16,Atletico-PR,Internacional
Brazil,Serie A,2016,11/09/16,Cruzeiro,Botafogo
Brazil,Serie A,2016,11/09/16,Santos,Corinthians
Brazil,Serie A,2016,11/09/16,Sport,Santa Cruz PE
Brazil,Serie A,2016,11/09/16,Gremio,Palmeiras
Brazil,Serie A,2016,11/09/16,Ponte Preta,America MG
Brazil,Serie A,2016,12/09/16,Fluminense,Atletico-MG
Brazil,Serie A,2016,14/09/16,Botafogo,Santos
Brazil,Serie A,2016,14/09/16,Figueirense,America MG
Brazil,Serie A,2016,14/09/16,Ponte Preta,Gremio
Brazil,Serie A,2016,14/09/16,Santa Cruz PE,Atletico-PR
Brazil,Serie A,2016,14/09/16,Coritiba,Corinthians
Brazil,Serie A,2016,14/09/16,Palmeiras,Flamengo
Brazil,Serie A,2016,15/09/16,Atletico-MG,Sport
Brazil,Serie A,2016,15/09/16,Fluminense,Chapecoense
Brazil,Serie A,2016,15/09/16,Internacional,Vitoria
Brazil,Serie A,2016,15/09/16,Sao Paulo,Cruzeiro
Brazil,Serie A,2016,17/09/16,Corinthians,Palmeiras
Brazil,Serie A,2016,18/09/16,Flamengo,Figueirense
Brazil,Serie A,2016,18/09/16,Atletico-PR,Sao Paulo
Brazil,Serie A,2016,18/09/16,Chapecoense,Ponte Preta
Brazil,Serie A,2016,18/09/16,Cruzeiro,Atletico-MG
Brazil,Serie A,2016,18/09/16,Gremio,Fluminense
Brazil,Serie A,2016,18/09/16,Sport,Coritiba
Brazil,Serie A,2016,18/09/16,Santos,Santa Cruz PE
Brazil,Serie A,2016,18/09/16,Vitoria,Botafogo
Brazil,Serie A,2016,19/09/16,America MG,Internacional
Brazil,Serie A,2016,24/09/16,Palmeiras,Coritiba
Brazil,Serie A,2016,24/09/16,Sport,Santos
Brazil,Serie A,2016,24/09/16,America MG,Botafogo
Brazil,Serie A,2016,25/09/16,Atletico-PR,Ponte Preta
Brazil,Serie A,2016,25/09/16,Figueirense,Santa Cruz PE
Brazil,Serie A,2016,25/09/16,Corinthians,Fluminense
Brazil,Serie A,2016,25/09/16,Flamengo,Cruzeiro
Brazil,Serie A,2016,25/09/16,Gremio,Chapecoense
Brazil,Serie A,2016,25/09/16,Vitoria,Sao Paulo
Brazil,Serie A,2016,25/09/16,Atletico-MG,Internacional
Brazil,Serie A,2016,01/10/16,Fluminense,Sport
Brazil,Serie A,2016,01/10/16,Chapecoense,Vitoria
Brazil,Serie A,2016,01/10/16,Santos,Atletico-PR
Brazil,Serie A,2016,01/10/16,Sao Paulo,Flamengo
Brazil,Serie A,2016,01/10/16,Botafogo,Corinthians
Brazil,Serie A,2016,01/10/16,Ponte Preta,Atletico-MG
Brazil,Serie A,2016,01/10/16,Cruzeiro,Gremio
Brazil,Serie A,2016,01/10/16,Internacional,Figueirense
Brazil,Serie A,2016,03/10/16,Santa Cruz PE,Palmeiras
Brazil,Serie A,2016,03/10/16,Coritiba,America MG
Brazil,Serie A,2016,05/10/16,Atletico-PR,Chapecoense
Brazil,Serie A,2016,05/10/16,Vitoria,Gremio
Brazil,Serie A,2016,05/10/16,Corinthians,Atletico-MG
Brazil,Serie A,2016,05/10/16,Santos,Fluminense
Brazil,Serie A,2016,05/10/16,Sport,Sao Paulo
Brazil,Serie A,2016,06/10/16,Internacional,Coritiba
Brazil,Serie A,2016,08/10/16,Cruzeiro,Ponte Preta
Brazil,Serie A,2016,09/10/16,America MG,Palmeiras
Brazil,Serie A,2016,09/10/16,Figueirense,Botafogo
Brazil,Serie A,2016,09/10/16,Flamengo,Santa Cruz PE
Brazil,Serie A,2016,12/10/16,Chapecoense,Sport
Brazil,Serie A,2016,12/10/16,Coritiba,Figueirense
Brazil,Serie A,2016,12/10/16,Botafogo,Internacional
Brazil,Serie A,2016,12/10/16,Santa Cruz PE,Corinthians
Brazil,Serie A,2016,13/10/16,Atletico-MG,America MG
Brazil,Serie A,2016,13/10/16,Palmeiras,Cruzeiro
Brazil,Serie A,2016,13/10/16,Ponte Preta,Vitoria
Brazil,Serie A,2016,13/10/16,Fluminense,Flamengo
Brazil,Serie A,2016,13/10/16,Gremio,Atletico-PR
Brazil,Serie A,2016,13/10/16,Sao Paulo,Santos
Brazil,Serie A,2016,16/10/16,Atletico-PR,Coritiba
Brazil,Serie A,2016,16/10/16,Botafogo,Atletico-MG
Brazil,Serie A,2016,16/10/16,Cruzeiro,Chapecoense
Brazil,Serie A,2016,16/10/16,Figueirense,Palmeiras
Brazil,Serie A,2016,16/10/16,Internacional,Flamengo
Brazil,Serie A,2016,16/10/16,Corinthians,America MG
Brazil,Serie A,2016,16/10/16,Ponte Preta,Santa Cruz PE
Brazil,Serie A,2016,16/10/16,Santos,Gremio
Brazil,Serie A,2016,16/10/16,Sport,Vitoria
Brazil,Serie A,2016,17/10/16,Fluminense,Sao Paulo
Brazil,Serie A,2016,19/10/16,Santa Cruz PE,Botafogo
Brazil,Serie A,2016,22/10/16,Sao Paulo,Ponte Preta
Brazil,Serie A,2016,23/10/16,Flamengo,Corinthians
Brazil,Serie A,2016,23/10/16,Gremio,Internacional
Brazil,Serie A,2016,23/10/16,Palmeiras,Sport
Brazil,Serie A,2016,23/10/16,Vitoria,Cruzeiro
Brazil,Serie A,2016,23/10/16,Coritiba,Fluminense
Brazil,Serie A,2016,23/10/16,Atletico-MG,Figueirense
Brazil,Serie A,2016,23/10/16,Chapecoense,Santos
Brazil,Serie A,2016,24/10/16,America MG,Atletico-PR
Brazil,Serie A,2016,27/10/16,Sport,Ponte Preta
Brazil,Serie A,2016,28/10/16,Fluminense,Vitoria
Brazil,Serie A,2016,29/10/16,Atletico-MG,Flamengo
Brazil,Serie A,2016,29/10/16,Atletico-PR,Cruzeiro
Brazil,Serie A,2016,29/10/16,Corinthians,Chapecoense
Brazil,Serie A,2016,29/10/16,Botafogo,Coritiba
Brazil,Serie A,2016,29/10/16,Internacional,Santa Cruz PE
Brazil,Serie A,2016,29/10/16,Figueirense,Gremio
Brazil,Serie A,2016,29/10/16,Santos,Palmeiras
Brazil,Serie A,2016,31/10/16,America MG,Sao Paulo
Brazil,Serie A,2016,05/11/16,Flamengo,Botafogo
Brazil,Serie A,2016,05/11/16,Sao Paulo,Corinthians
Brazil,Serie A,2016,06/11/16,Ponte Preta,Santos
Brazil,Serie A,2016,06/11/16,Cruzeiro,Fluminense
Brazil,Serie A,2016,06/11/16,Palmeiras,Internacional
Brazil,Serie A,2016,06/11/16,Santa Cruz PE,America MG
Brazil,Serie A,2016,06/11/16,Vitoria,Atletico-PR
Brazil,Serie A,2016,06/11/16,Chapecoense,Figueirense
Brazil,Serie A,2016,06/11/16,Coritiba,Atletico-MG
Brazil,Serie A,2016,07/11/16,Gremio,Sport
Brazil,Serie A,2016,15/11/16,Fluminense,Atletico-PR
Brazil,Serie A,2016,16/11/16,Botafogo,Chapecoense
Brazil,Serie A,2016,16/11/16,Coritiba,Santa Cruz PE
Brazil,Serie A,2016,16/11/16,America MG,Flamengo
Brazil,Serie A,2016,16/11/16,Figueirense,Corinthians
Brazil,Serie A,2016,16/11/16,Sport,Cruzeiro
Brazil,Serie A,2016,17/11/16,Santos,Vitoria
Brazil,Serie A,2016,17/11/16,Sao Paulo,Gremio
Brazil,Serie A,2016,17/11/16,Atletico-MG,Palmeiras
Brazil,Serie A,2016,17/11/16,Internacional,Ponte Preta
Brazil,Serie A,2016,20/11/16,Atletico-PR,Sport
Brazil,Serie A,2016,20/11/16,Cruzeiro,Santos
Brazil,Serie A,2016,20/11/16,Gremio,America MG
Brazil,Serie A,2016,20/11/16,Palmeiras,Botafogo
Brazil,Serie A,2016,20/11/16,Ponte Preta,Fluminense
Brazil,Serie A,2016,20/11/16,Vitoria,Figueirense
Brazil,Serie A,2016,20/11/16,Chapecoense,Sao Paulo
Brazil,Serie A,2016,20/11/16,Flamengo,Coritiba
Brazil,Serie A,2016,20/11/16,Santa Cruz PE,Atletico-MG
Brazil,Serie A,2016,21/11/16,Corinthians,Internacional
Brazil,Serie A,2016,26/11/16,America MG,Sport
Brazil,Serie A,2016,26/11/16,Botafogo,Ponte Preta
Brazil,Serie A,2016,26/11/16,Corinthians,Atletico-PR
Brazil,Serie A,2016,27/11/16,Atletico-MG,Sao Paulo
Brazil,Serie A,2016,27/11/16,Flamengo,Santos
Brazil,Serie A,2016,27/11/16,Internacional,Cruzeiro
Brazil,Serie A,2016,27/11/16,Palmeiras,Chapecoense
Brazil,Serie A,2016,27/11/16,Figueirense,Fluminense
Brazil,Serie A,2016,27/11/16,Santa Cruz PE,Gremio
Brazil,Serie A,2016,28/11/16,Coritiba,Vitoria
Brazil,Serie A,2016,11/12/16,Atletico-PR,Flamengo
Brazil,Serie A,2016,10/12/16,Chapecoense,Atletico-MG
Brazil,Serie A,2016,11/12/16,Cruzeiro,Corinthians
Brazil,Serie A,2016,11/12/16,Fluminense,Internacional
Brazil,Serie A,2016,11/12/16,Gremio,Botafogo
Brazil,Serie A,2016,11/12/16,Ponte Preta,Coritiba
Brazil,Serie A,2016,11/12/16,Santos,America MG
Brazil,Serie A,2016,11/12/16,Sao Paulo,Santa Cruz PE
Brazil,Serie A,2016,11/12/16,Sport,Figueirense
Brazil,Serie A,2016,11/12/16,Vitoria,Palmeiras
Brazil,Serie A,2017,13/05/17,Flamengo,Atletico-MG
Brazil,Serie A,2017,13/05/17,Corinthians,Chapecoense
Brazil,Serie A,2017,14/05/17,Fluminense,Santos
Brazil,Serie A,2017,14/05/17,Avai,Vitoria
Brazil,Serie A,2017,14/05/17,Bahia,Atletico-PR
Brazil,Serie A,2017,14/05/17,Cruzeiro,Sao Paulo
Brazil,Serie A,2017,14/05/17,Palmeiras,Vasco
Brazil,Serie A,2017,14/05/17,Ponte Preta,Sport
Brazil,Serie A,2017,14/05/17,Gremio,Botafogo
Brazil,Serie A,2017,16/05/17,Coritiba,Atletico GO
Brazil,Serie A,2017,20/05/17,Santos,Coritiba
Brazil,Serie A,2017,20/05/17,Atletico GO,Flamengo
Brazil,Serie A,2017,20/05/17,Chapecoense,Palmeiras
Brazil,Serie A,2017,21/05/17,Vasco,Bahia
Brazil,Serie A,2017,21/05/17,Atletico-MG,Fluminense
Brazil,Serie A,2017,21/05/17,Atletico-PR,Gremio
Brazil,Serie A,2017,21/05/17,Vitoria,Corinthians
Brazil,Serie A,2017,21/05/17,Botafogo,Ponte Preta
Brazil,Serie A,2017,21/05/17,Sport,Cruzeiro
Brazil,Serie A,2017,22/05/17,Sao Paulo,Avai
Brazil,Serie A,2017,27/05/17,Vasco,Fluminense
Brazil,Serie A,2017,27/05/17,Sao Paulo,Palmeiras
Brazil,Serie A,2017,27/05/17,Vitoria,Coritiba
Brazil,Serie A,2017,28/05/17,Atletico-MG,Ponte Preta
Brazil,Serie A,2017,28/05/17,Atletico GO,Corinthians
Brazil,Serie A,2017,28/05/17,Atletico-PR,Flamengo
Brazil,Serie A,2017,28/05/17,Santos,Cruzeiro
Brazil,Serie A,2017,28/05/17,Sport,Gremio
Brazil,Serie A,2017,28/05/17,Botafogo,Bahia
Brazil,Serie A,2017,29/05/17,Chapecoense,Avai
Brazil,Serie A,2017,03/06/17,Coritiba,Atletico-PR
Brazil,Serie A,2017,03/06/17,Fluminense,Vitoria
Brazil,Serie A,2017,03/06/17,Corinthians,Santos
Brazil,Serie A,2017,04/06/17,Avai,Sport
Brazil,Serie A,2017,04/06/17,Flamengo,Botafogo
Brazil,Serie A,2017,04/06/17,Gremio,Vasco
Brazil,Serie A,2017,04/06/17,Palmeiras,Atletico-MG
Brazil,Serie A,2017,04/06/17,Ponte Preta,Sao Paulo
Brazil,Serie A,2017,04/06/17,Cruzeiro,Chapecoense
Brazil,Serie A,2017,06/06/17,Bahia,Atletico GO
Brazil,Serie A,2017,06/06/17,Fluminense,Atletico-PR
Brazil,Serie A,2017,07/06/17,Atletico-MG,Avai
Brazil,Serie A,2017,07/06/17,Coritiba,Palmeiras
Brazil,Serie A,2017,07/06/17,Santos,Botafogo
Brazil,Serie A,2017,07/06/17,Sport,Flamengo
Brazil,Serie A,2017,07/06/17,Vasco,Corinthians
Brazil,Serie A,2017,08/06/17,Atletico GO,Ponte Preta
Brazil,Serie A,2017,08/06/17,Sao Paulo,Vitoria
Brazil,Serie A,2017,08/06/17,Chapecoense,Gremio
Brazil,Serie A,2017,08/06/17,Bahia,Cruzeiro
Brazil,Serie A,2017,10/06/17,Palmeiras,Fluminense
Brazil,Serie A,2017,10/06/17,Vasco,Sport
Brazil,Serie A,2017,11/06/17,Botafogo,Coritiba
Brazil,Serie A,2017,11/06/17,Avai,Flamengo
Brazil,Serie A,2017,11/06/17,Corinthians,Sao Paulo
Brazil,Serie A,2017,11/06/17,Ponte Preta,Chapecoense
Brazil,Serie A,2017,11/06/17,Vitoria,Atletico-MG
Brazil,Serie A,2017,11/06/17,Cruzeiro,Atletico GO
Brazil,Serie A,2017,11/06/17,Atletico-PR,Santos
Brazil,Serie A,2017,12/06/17,Gremio,Bahia
Brazil,Serie A,2017,14/06/17,Atletico GO,Avai
Brazil,Serie A,2017,14/06/17,Atletico-MG,Atletico-PR
Brazil,Serie A,2017,14/06/17,Sport,Sao Paulo
Brazil,Serie A,2017,14/06/17,Vitoria,Botafogo
Brazil,Serie A,2017,14/06/17,Flamengo,Ponte Preta
Brazil,Serie A,2017,14/06/17,Chapecoense,Vasco
Brazil,Serie A,2017,14/06/17,Corinthians,Cruzeiro
Brazil,Serie A,2017,14/06/17,Santos,Palmeiras
Brazil,Serie A,2017,15/06/17,Coritiba,Bahia
Brazil,Serie A,2017,15/06/17,Fluminense,Gremio
Brazil,Serie A,2017,17/06/17,Atletico GO,Atletico-PR
Brazil,Serie A,2017,17/06/17,Vasco,Avai
Brazil,Serie A,2017,17/06/17,Santos,Ponte Preta
Brazil,Serie A,2017,18/06/17,Coritiba,Corinthians
Brazil,Serie A,2017,18/06/17,Bahia,Palmeiras
Brazil,Serie A,2017,18/06/17,Chapecoense,Botafogo
Brazil,Serie A,2017,18/06/17,Fluminense,Flamengo
Brazil,Serie A,2017,18/06/17,Sao Paulo,Atletico-MG
Brazil,Serie A,2017,18/06/17,Sport,Vitoria
Brazil,Serie A,2017,19/06/17,Cruzeiro,Gremio
Brazil,Serie A,2017,21/06/17,Vitoria,Santos
Brazil,Serie A,2017,21/06/17,Botafogo,Vasco
Brazil,Serie A,2017,22/06/17,Palmeiras,Atletico GO
Brazil,Serie A,2017,21/06/17,Atletico-MG,Sport
Brazil,Serie A,2017,21/06/17,Atletico-PR,Sao Paulo
Brazil,Serie A,2017,21/06/17,Avai,Fluminense
Brazil,Serie A,2017,22/06/17,Corinthians,Bahia
Brazil,Serie A,2017,22/06/17,Ponte Preta,Cruzeiro
Brazil,Serie A,2017,22/06/17,Flamengo,Chapecoense
Brazil,Serie A,2017,22/06/17,Gremio,Coritiba
Brazil,Serie A,2017,24/06/17,Santos,Sport
Brazil,Serie A,2017,25/06/17,Vasco,Atletico GO
Brazil,Serie A,2017,25/06/17,Atletico-PR,Vitoria
Brazil,Serie A,2017,25/06/17,Cruzeiro,Coritiba
Brazil,Serie A,2017,25/06/17,Gremio,Corinthians
Brazil,Serie A,2017,25/06/17,Ponte Preta,Palmeiras
Brazil,Serie A,2017,25/06/17,Sao Paulo,Fluminense
Brazil,Serie A,2017,25/06/17,Bahia,Flamengo
Brazil,Serie A,2017,25/06/17,Chapecoense,Atletico-MG
Brazil,Serie A,2017,26/06/17,Botafogo,Avai
Brazil,Serie A,2017,01/07/17,Palmeiras,Gremio
Brazil,Serie A,2017,01/07/17,Atletico GO,Santos
Brazil,Serie A,2017,02/07/17,Atletico-MG,Cruzeiro
Brazil,Serie A,2017,02/07/17,Corinthians,Botafogo
Brazil,Serie A,2017,02/07/17,Flamengo,Sao Paulo
Brazil,Serie A,2017,02/07/17,Sport,Atletico-PR
Brazil,Serie A,2017,02/07/17,Vitoria,Bahia
Brazil,Serie A,2017,02/07/17,Avai,Ponte Preta
Brazil,Serie A,2017,02/07/17,Coritiba,Vasco
Brazil,Serie A,2017,03/07/17,Fluminense,Chapecoense
Brazil,Serie A,2017,08/07/17,Atletico GO,Vitoria
Brazil,Serie A,2017,08/07/17,Vasco,Flamengo
Brazil,Serie A,2017,08/07/17,Corinthians,Ponte Preta
Brazil,Serie A,2017,09/07/17,Chapecoense,Atletico-PR
Brazil,Serie A,2017,09/07/17,Bahia,Fluminense
Brazil,Serie A,2017,09/07/17,Cruzeiro,Palmeiras
Brazil,Serie A,2017,09/07/17,Gremio,Avai
Brazil,Serie A,2017,09/07/17,Botafogo,Atletico-MG
Brazil,Serie A,2017,09/07/17,Santos,Sao Paulo
Brazil,Serie A,2017,10/07/17,Coritiba,Sport
Brazil,Serie A,2017,12/07/17,Atletico-MG,Santos
Brazil,Serie A,2017,12/07/17,Ponte Preta,Bahia
Brazil,Serie A,2017,12/07/17,Fluminense,Botafogo
Brazil,Serie A,2017,12/07/17,Atletico-PR,Cruzeiro
Brazil,Serie A,2017,12/07/17,Palmeiras,Corinthians
Brazil,Serie A,2017,12/07/17,Vitoria,Vasco
Brazil,Serie A,2017,13/07/17,Flamengo,Gremio
Brazil,Serie A,2017,13/07/17,Sao Paulo,Atletico GO
Brazil,Serie A,2017,13/07/17,Sport,Chapecoense
Brazil,Serie A,2017,13/07/17,Avai,Coritiba
Brazil,Serie A,2017,15/07/17,Corinthians,Atletico-PR
Brazil,Serie A,2017,16/07/17,Palmeiras,Vitoria
Brazil,Serie A,2017,16/07/17,Atletico GO,Atletico-MG
Brazil,Serie A,2017,16/07/17,Chapecoense,Sao Paulo
Brazil,Serie A,2017,16/07/17,Cruzeiro,Flamengo
Brazil,Serie A,2017,16/07/17,Gremio,Ponte Preta
Brazil,Serie A,2017,16/07/17,Vasco,Santos
Brazil,Serie A,2017,16/07/17,Bahia,Avai
Brazil,Serie A,2017,16/07/17,Coritiba,Fluminense
Brazil,Serie A,2017,17/07/17,Botafogo,Sport
Brazil,Serie A,2017,19/07/17,Santos,Chapecoense
Brazil,Serie A,2017,19/07/17,Vitoria,Gremio
Brazil,Serie A,2017,19/07/17,Avai,Corinthians
Brazil,Serie A,2017,19/07/17,Ponte Preta,Coritiba
Brazil,Serie A,2017,19/07/17,Atletico-MG,Bahia
Brazil,Serie A,2017,19/07/17,Flamengo,Palmeiras
Brazil,Serie A,2017,19/07/17,Sao Paulo,Vasco
Brazil,Serie A,2017,20/07/17,Fluminense,Cruzeiro
Brazil,Serie A,2017,21/07/17,Sport,Atletico GO
Brazil,Serie A,2017,20/07/17,Atletico-PR,Botafogo
Brazil,Serie A,2017,22/07/17,Vitoria,Chapecoense
Brazil,Serie A,2017,22/07/17,Flamengo,Coritiba
Brazil,Serie A,2017,23/07/17,Santos,Bahia
Brazil,Serie A,2017,23/07/17,Avai,Cruzeiro
Brazil,Serie A,2017,23/07/17,Fluminense,Corinthians
Brazil,Serie A,2017,23/07/17,Sport,Palmeiras
Brazil,Serie A,2017,23/07/17,Atletico GO,Botafogo
Brazil,Serie A,2017,23/07/17,Atletico-MG,Vasco
Brazil,Serie A,2017,23/07/17,Atletico-PR,Ponte Preta
Brazil,Serie A,2017,24/07/17,Sao Paulo,Gremio
Brazil,Serie A,2017,29/07/17,Botafogo,Sao Paulo
Brazil,Serie A,2017,29/07/17,Palmeiras,Avai
Brazil,Serie A,2017,30/07/17,Chapecoense,Atletico GO
Brazil,Serie A,2017,30/07/17,Bahia,Sport
Brazil,Serie A,2017,30/07/17,Corinthians,Flamengo
Brazil,Serie A,2017,30/07/17,Coritiba,Atletico-MG
Brazil,Serie A,2017,30/07/17,Cruzeiro,Vitoria
Brazil,Serie A,2017,30/07/17,Gremio,Santos
Brazil,Serie A,2017,31/07/17,Vasco,Atletico-PR
Brazil,Serie A,2017,02/08/17,Chapecoense,Bahia
Brazil,Serie A,2017,02/08/17,Sport,Fluminense
Brazil,Serie A,2017,02/08/17,Atletico-MG,Corinthians
Brazil,Serie A,2017,02/08/17,Vitoria,Ponte Preta
Brazil,Serie A,2017,03/08/17,Atletico GO,Gremio
Brazil,Serie A,2017,02/08/17,Botafogo,Palmeiras
Brazil,Serie A,2017,02/08/17,Santos,Flamengo
Brazil,Serie A,2017,03/08/17,Atletico-PR,Avai
Brazil,Serie A,2017,03/08/17,Sao Paulo,Coritiba
Brazil,Serie A,2017,03/08/17,Vasco,Cruzeiro
Brazil,Serie A,2017,05/08/17,Corinthians,Sport
Brazil,Serie A,2017,05/08/17,Fluminense,Atletico GO
Brazil,Serie A,2017,06/08/17,Flamengo,Vitoria
Brazil,Serie A,2017,06/08/17,Bahia,Sao Paulo
Brazil,Serie A,2017,06/08/17,Coritiba,Chapecoense
Brazil,Serie A,2017,06/08/17,Cruzeiro,Botafogo
Brazil,Serie A,2017,06/08/17,Gremio,Atletico-MG
Brazil,Serie A,2017,06/08/17,Palmeiras,Atletico-PR
Brazil,Serie A,2017,06/08/17,Avai,Santos
Brazil,Serie A,2017,06/08/17,Ponte Preta,Vasco
Brazil,Serie A,2017,09/08/17,Ponte Preta,Fluminense
Brazil,Serie A,2017,12/08/17,Atletico GO,Coritiba
Brazil,Serie A,2017,12/08/17,Vitoria,Avai
Brazil,Serie A,2017,13/08/17,Sao Paulo,Cruzeiro
Brazil,Serie A,2017,13/08/17,Atletico-MG,Flamengo
Brazil,Serie A,2017,13/08/17,Sport,Ponte Preta
Brazil,Serie A,2017,13/08/17,Vasco,Palmeiras
Brazil,Serie A,2017,13/08/17,Atletico-PR,Bahia
Brazil,Serie A,2017,13/08/17,Botafogo,Gremio
Brazil,Serie A,2017,14/08/17,Santos,Fluminense
Brazil,Serie A,2017,19/08/17,Corinthians,Vitoria
Brazil,Serie A,2017,19/08/17,Flamengo,Atletico GO
Brazil,Serie A,2017,20/08/17,Gremio,Atletico-PR
Brazil,Serie A,2017,20/08/17,Avai,Sao Paulo
Brazil,Serie A,2017,20/08/17,Bahia,Vasco
Brazil,Serie A,2017,20/08/17,Cruzeiro,Sport
Brazil,Serie A,2017,20/08/17,Ponte Preta,Botafogo
Brazil,Serie A,2017,20/08/17,Coritiba,Santos
Brazil,Serie A,2017,20/08/17,Palmeiras,Chapecoense
Brazil,Serie A,2017,21/08/17,Fluminense,Atletico-MG
Brazil,Serie A,2017,23/08/17,Chapecoense,Corinthians
Brazil,Serie A,2017,26/08/17,Fluminense,Vasco
Brazil,Serie A,2017,26/08/17,Corinthians,Atletico GO
Brazil,Serie A,2017,27/08/17,Bahia,Botafogo
Brazil,Serie A,2017,27/08/17,Flamengo,Atletico-PR
Brazil,Serie A,2017,27/08/17,Palmeiras,Sao Paulo
Brazil,Serie A,2017,27/08/17,Ponte Preta,Atletico-MG
Brazil,Serie A,2017,27/08/17,Avai,Chapecoense
Brazil,Serie A,2017,27/08/17,Cruzeiro,Santos
Brazil,Serie A,2017,28/08/17,Coritiba,Vitoria
Brazil,Serie A,2017,02/09/17,Gremio,Sport
Brazil,Serie A,2017,09/09/17,Atletico-MG,Palmeiras
Brazil,Serie A,2017,09/09/17,Vasco,Gremio
Brazil,Serie A,2017,09/09/17,Sao Paulo,Ponte Preta
Brazil,Serie A,2017,10/09/17,Atletico-PR,Coritiba
Brazil,Serie A,2017,10/09/17,Santos,Corinthians
Brazil,Serie A,2017,10/09/17,Sport,Avai
Brazil,Serie A,2017,10/09/17,Vitoria,Fluminense
Brazil,Serie A,2017,10/09/17,Botafogo,Flamengo
Brazil,Serie A,2017,10/09/17,Chapecoense,Cruzeiro
Brazil,Serie A,2017,12/09/17,Atletico GO,Bahia
Brazil,Serie A,2017,16/09/17,Botafogo,Santos
Brazil,Serie A,2017,17/09/17,Ponte Preta,Atletico GO
Brazil,Serie A,2017,17/09/17,Avai,Atletico-MG
Brazil,Serie A,2017,17/09/17,Atletico-PR,Fluminense
Brazil,Serie A,2017,17/09/17,Corinthians,Vasco
Brazil,Serie A,2017,17/09/17,Flamengo,Sport
Brazil,Serie A,2017,17/09/17,Gremio,Chapecoense
Brazil,Serie A,2017,17/09/17,Vitoria,Sao Paulo
Brazil,Serie A,2017,17/09/17,Cruzeiro,Bahia
Brazil,Serie A,2017,18/09/17,Palmeiras,Coritiba
Brazil,Serie A,2017,23/09/17,Flamengo,Avai
Brazil,Serie A,2017,23/09/17,Santos,Atletico-PR
Brazil,Serie A,2017,24/09/17,Sao Paulo,Corinthians
Brazil,Serie A,2017,24/09/17,Atletico GO,Cruzeiro
Brazil,Serie A,2017,24/09/17,Chapecoense,Ponte Preta
Brazil,Serie A,2017,24/09/17,Coritiba,Botafogo
Brazil,Serie A,2017,24/09/17,Fluminense,Palmeiras
Brazil,Serie A,2017,24/09/17,Atletico-MG,Vitoria
Brazil,Serie A,2017,24/09/17,Bahia,Gremio
Brazil,Serie A,2017,25/09/17,Sport,Vasco
Brazil,Serie A,2017,30/09/17,Bahia,Coritiba
Brazil,Serie A,2017,30/09/17,Vasco,Chapecoense
Brazil,Serie A,2017,30/09/17,Palmeiras,Santos
Brazil,Serie A,2017,01/10/17,Avai,Atletico GO
Brazil,Serie A,2017,01/10/17,Botafogo,Vitoria
Brazil,Serie A,2017,01/10/17,Cruzeiro,Corinthians
Brazil,Serie A,2017,01/10/17,Gremio,Fluminense
Brazil,Serie A,2017,01/10/17,Sao Paulo,Sport
Brazil,Serie A,2017,01/10/17,Atletico-PR,Atletico-MG
Brazil,Serie A,2017,02/10/17,Ponte Preta,Flamengo
Brazil,Serie A,2017,07/10/17,Cruzeiro,Ponte Preta
Brazil,Serie A,2017,11/10/17,Atletico-PR,Atletico GO
Brazil,Serie A,2017,11/10/17,Botafogo,Chapecoense
Brazil,Serie A,2017,11/10/17,Corinthians,Coritiba
Brazil,Serie A,2017,11/10/17,Atletico-MG,Sao Paulo
Brazil,Serie A,2017,11/10/17,Avai,Vasco
Brazil,Serie A,2017,11/10/17,Gremio,Cruzeiro
Brazil,Serie A,2017,12/10/17,Flamengo,Fluminense
Brazil,Serie A,2017,12/10/17,Ponte Preta,Santos
Brazil,Serie A,2017,12/10/17,Vitoria,Sport
Brazil,Serie A,2017,12/10/17,Palmeiras,Bahia
Brazil,Serie A,2017,14/10/17,Vasco,Botafogo
Brazil,Serie A,2017,14/10/17,Sao Paulo,Atletico-PR
Brazil,Serie A,2017,15/10/17,Atletico GO,Palmeiras
Brazil,Serie A,2017,15/10/17,Chapecoense,Flamengo
Brazil,Serie A,2017,15/10/17,Fluminense,Avai
Brazil,Serie A,2017,15/10/17,Sport,Atletico-MG
Brazil,Serie A,2017,15/10/17,Bahia,Corinthians
Brazil,Serie A,2017,15/10/17,Coritiba,Gremio
Brazil,Serie A,2017,16/10/17,Santos,Vitoria
Brazil,Serie A,2017,18/10/17,Atletico GO,Vasco
Brazil,Serie A,2017,18/10/17,Coritiba,Cruzeiro
Brazil,Serie A,2017,18/10/17,Atletico-MG,Chapecoense
Brazil,Serie A,2017,18/10/17,Avai,Botafogo
Brazil,Serie A,2017,18/10/17,Corinthians,Gremio
Brazil,Serie A,2017,18/10/17,Fluminense,Sao Paulo
Brazil,Serie A,2017,19/10/17,Palmeiras,Ponte Preta
Brazil,Serie A,2017,19/10/17,Vitoria,Atletico-PR
Brazil,Serie A,2017,19/10/17,Flamengo,Bahia
Brazil,Serie A,2017,19/10/17,Sport,Santos
Brazil,Serie A,2017,21/10/17,Vasco,Coritiba
Brazil,Serie A,2017,22/10/17,Atletico-PR,Sport
Brazil,Serie A,2017,22/10/17,Bahia,Vitoria
Brazil,Serie A,2017,22/10/17,Cruzeiro,Atletico-MG
Brazil,Serie A,2017,22/10/17,Gremio,Palmeiras
Brazil,Serie A,2017,22/10/17,Santos,Atletico GO
Brazil,Serie A,2017,22/10/17,Sao Paulo,Flamengo
Brazil,Serie A,2017,22/10/17,Chapecoense,Fluminense
Brazil,Serie A,2017,22/10/17,Ponte Preta,Avai
Brazil,Serie A,2017,23/10/17,Botafogo,Corinthians
Brazil,Serie A,2017,28/10/17,Sao Paulo,Santos
Brazil,Serie A,2017,28/10/17,Flamengo,Vasco
Brazil,Serie A,2017,28/10/17,Atletico-PR,Chapecoense
Brazil,Serie A,2017,29/10/17,Atletico-MG,Botafogo
Brazil,Serie A,2017,29/10/17,Fluminense,Bahia
Brazil,Serie A,2017,29/10/17,Ponte Preta,Corinthians
Brazil,Serie A,2017,29/10/17,Sport,Coritiba
Brazil,Serie A,2017,29/10/17,Vitoria,Atletico GO
Brazil,Serie A,2017,29/10/17,Avai,Gremio
Brazil,Serie A,2017,30/10/17,Palmeiras,Cruzeiro
Brazil,Serie A,2017,04/11/17,Santos,Atletico-MG
Brazil,Serie A,2017,04/11/17,Atletico GO,Sao Paulo
Brazil,Serie A,2017,04/11/17,Botafogo,Fluminense
Brazil,Serie A,2017,04/11/17,Coritiba,Avai
Brazil,Serie A,2017,05/11/17,Corinthians,Palmeiras
Brazil,Serie A,2017,05/11/17,Cruzeiro,Atletico-PR
Brazil,Serie A,2017,05/11/17,Gremio,Flamengo
Brazil,Serie A,2017,05/11/17,Bahia,Ponte Preta
Brazil,Serie A,2017,05/11/17,Chapecoense,Sport
Brazil,Serie A,2017,05/11/17,Vasco,Vitoria
Brazil,Serie A,2017,08/11/17,Avai,Bahia
Brazil,Serie A,2017,08/11/17,Ponte Preta,Gremio
Brazil,Serie A,2017,08/11/17,Atletico-PR,Corinthians
Brazil,Serie A,2017,08/11/17,Sport,Botafogo
Brazil,Serie A,2017,08/11/17,Flamengo,Cruzeiro
Brazil,Serie A,2017,08/11/17,Santos,Vasco
Brazil,Serie A,2017,08/11/17,Vitoria,Palmeiras
Brazil,Serie A,2017,09/11/17,Atletico-MG,Atletico GO
Brazil,Serie A,2017,09/11/17,Sao Paulo,Chapecoense
Brazil,Serie A,2017,09/11/17,Fluminense,Coritiba
Brazil,Serie A,2017,11/11/17,Botafogo,Atletico-PR
Brazil,Serie A,2017,11/11/17,Corinthians,Avai
Brazil,Serie A,2017,12/11/17,Atletico GO,Sport
Brazil,Serie A,2017,12/11/17,Gremio,Vitoria
Brazil,Serie A,2017,12/11/17,Palmeiras,Flamengo
Brazil,Serie A,2017,12/11/17,Vasco,Sao Paulo
Brazil,Serie A,2017,12/11/17,Bahia,Atletico-MG
Brazil,Serie A,2017,12/11/17,Coritiba,Ponte Preta
Brazil,Serie A,2017,12/11/17,Cruzeiro,Fluminense
Brazil,Serie A,2017,13/11/17,Chapecoense,Santos
Brazil,Serie A,2017,15/11/17,Ponte Preta,Atletico-PR
Brazil,Serie A,2017,15/11/17,Cruzeiro,Avai
Brazil,Serie A,2017,15/11/17,Gremio,Sao Paulo
Brazil,Serie A,2017,15/11/17,Corinthians,Fluminense
Brazil,Serie A,2017,15/11/17,Vasco,Atletico-MG
Brazil,Serie A,2017,16/11/17,Botafogo,Atletico GO
Brazil,Serie A,2017,16/11/17,Chapecoense,Vitoria
Brazil,Serie A,2017,16/11/17,Palmeiras,Sport
Brazil,Serie A,2017,16/11/17,Bahia,Santos
Brazil,Serie A,2017,16/11/17,Coritiba,Flamengo
Brazil,Serie A,2017,19/11/17,Atletico GO,Chapecoense
Brazil,Serie A,2017,19/11/17,Flamengo,Corinthians
Brazil,Serie A,2017,19/11/17,Sao Paulo,Botafogo
Brazil,Serie A,2017,19/11/17,Sport,Bahia
Brazil,Serie A,2017,19/11/17,Vitoria,Cruzeiro
Brazil,Serie A,2017,19/11/17,Atletico-MG,Coritiba
Brazil,Serie A,2017,19/11/17,Atletico-PR,Vasco
Brazil,Serie A,2017,19/11/17,Santos,Gremio
Brazil,Serie A,2017,20/11/17,Fluminense,Ponte Preta
Brazil,Serie A,2017,20/11/17,Avai,Palmeiras
Brazil,Serie A,2017,25/11/17,Fluminense,Sport
Brazil,Serie A,2017,26/11/17,Avai,Atletico-PR
Brazil,Serie A,2017,26/11/17,Corinthians,Atletico-MG
Brazil,Serie A,2017,26/11/17,Coritiba,Sao Paulo
Brazil,Serie A,2017,26/11/17,Cruzeiro,Vasco
Brazil,Serie A,2017,26/11/17,Gremio,Atletico GO
Brazil,Serie A,2017,26/11/17,Ponte Preta,Vitoria
Brazil,Serie A,2017,26/11/17,Bahia,Chapecoense
Brazil,Serie A,2017,26/11/17,Flamengo,Santos
Brazil,Serie A,2017,27/11/17,Palmeiras,Botafogo
Brazil,Serie A,2017,03/12/17,Atletico GO,Fluminense
Brazil,Serie A,2017,03/12/17,Atletico-MG,Gremio
Brazil,Serie A,2017,03/12/17,Atletico-PR,Palmeiras
Brazil,Serie A,2017,03/12/17,Botafogo,Cruzeiro
Brazil,Serie A,2017,03/12/17,Chapecoense,Coritiba
Brazil,Serie A,2017,03/12/17,Santos,Avai
Brazil,Serie A,2017,03/12/17,Sao Paulo,Bahia
Brazil,Serie A,2017,03/12/17,Sport,Corinthians
Brazil,Serie A,2017,03/12/17,Vasco,Ponte Preta
Brazil,Serie A,2017,03/12/17,Vitoria,Flamengo
Brazil,Serie A,2018,14/04/18,Cruzeiro,Gremio
Brazil,Serie A,2018,14/04/18,Vitoria,Flamengo
Brazil,Serie A,2018,14/04/18,Santos,Ceara
Brazil,Serie A,2018,15/04/18,America MG,Sport
Brazil,Serie A,2018,15/04/18,Corinthians,Fluminense
Brazil,Serie A,2018,15/04/18,Internacional,Bahia
Brazil,Serie A,2018,15/04/18,Vasco,Atletico-MG
Brazil,Serie A,2018,15/04/18,Atletico-PR,Chapecoense
Brazil,Serie A,2018,16/04/18,Botafogo,Palmeiras
Brazil,Serie A,2018,16/04/18,Sao Paulo,Parana Clube
Brazil,Serie A,2018,21/04/18,Bahia,Santos
Brazil,Serie A,2018,21/04/18,Flamengo,America MG
Brazil,Serie A,2018,22/04/18,Parana Clube,Corinthians
Brazil,Serie A,2018,22/04/18,Atletico-MG,Vitoria
Brazil,Serie A,2018,22/04/18,Ceara,Sao Paulo
Brazil,Serie A,2018,22/04/18,Chapecoense,Vasco
Brazil,Serie A,2018,22/04/18,Fluminense,Cruzeiro
Brazil,Serie A,2018,22/04/18,Palmeiras,Internacional
Brazil,Serie A,2018,22/04/18,Gremio,Atletico-PR
Brazil,Serie A,2018,23/04/18,Sport,Botafogo
Brazil,Serie A,2018,28/04/18,Botafogo,Gremio
Brazil,Serie A,2018,29/04/18,Atletico-MG,Corinthians
Brazil,Serie A,2018,29/04/18,Bahia,Atletico-PR
Brazil,Serie A,2018,29/04/18,Ceara,Flamengo
Brazil,Serie A,2018,29/04/18,Fluminense,Sao Paulo
Brazil,Serie A,2018,29/04/18,Palmeiras,Chapecoense
Brazil,Serie A,2018,29/04/18,Parana Clube,Sport
Brazil,Serie A,2018,29/04/18,Internacional,Cruzeiro
Brazil,Serie A,2018,30/04/18,America MG,Vitoria
Brazil,Serie A,2018,05/05/18,Sao Paulo,Atletico-MG
Brazil,Serie A,2018,05/05/18,Vasco,America MG
Brazil,Serie A,2018,06/05/18,Corinthians,Ceara
Brazil,Serie A,2018,06/05/18,Atletico-PR,Palmeiras
Brazil,Serie A,2018,06/05/18,Cruzeiro,Botafogo
Brazil,Serie A,2018,06/05/18,Flamengo,Internacional
Brazil,Serie A,2018,06/05/18,Vitoria,Fluminense
Brazil,Serie A,2018,06/05/18,Gremio,Santos
Brazil,Serie A,2018,06/05/18,Sport,Bahia
Brazil,Serie A,2018,07/05/18,Chapecoense,Parana Clube
Brazil,Serie A,2018,12/05/18,Gremio,Internacional
Brazil,Serie A,2018,13/05/18,Cruzeiro,Sport
Brazil,Serie A,2018,13/05/18,Atletico-PR,Atletico-MG
Brazil,Serie A,2018,13/05/18,Bahia,Sao Paulo
Brazil,Serie A,2018,13/05/18,Chapecoense,Flamengo
Brazil,Serie A,2018,13/05/18,Corinthians,Palmeiras
Brazil,Serie A,2018,13/05/18,Vasco,Vitoria
Brazil,Serie A,2018,13/05/18,Santos,Parana Clube
Brazil,Serie A,2018,14/05/18,Botafogo,Fluminense
Brazil,Serie A,2018,14/05/18,Ceara,America MG
Brazil,Serie A,2018,19/05/18,Atletico-MG,Cruzeiro
Brazil,Serie A,2018,19/05/18,Flamengo,Vasco
Brazil,Serie A,2018,19/05/18,Palmeiras,Bahia
Brazil,Serie A,2018,20/05/18,Vitoria,Ceara
Brazil,Serie A,2018,20/05/18,America MG,Botafogo
Brazil,Serie A,2018,20/05/18,Parana Clube,Gremio
Brazil,Serie A,2018,20/05/18,Sao Paulo,Santos
Brazil,Serie A,2018,20/05/18,Sport,Corinthians
Brazil,Serie A,2018,20/05/18,Fluminense,Atletico-PR
Brazil,Serie A,2018,21/05/18,Internacional,Chapecoense
Brazil,Serie A,2018,26/05/18,Fluminense,Chapecoense
Brazil,Serie A,2018,26/05/18,Palmeiras,Sport
Brazil,Serie A,2018,26/05/18,Atletico-MG,Flamengo
Brazil,Serie A,2018,27/05/18,Parana Clube,Atletico-PR
Brazil,Serie A,2018,27/05/18,Bahia,Vasco
Brazil,Serie A,2018,27/05/18,Botafogo,Vitoria
Brazil,Serie A,2018,27/05/18,Internacional,Corinthians
Brazil,Serie A,2018,27/05/18,Santos,Cruzeiro
Brazil,Serie A,2018,27/05/18,America MG,Sao Paulo
Brazil,Serie A,2018,27/05/18,Ceara,Gremio
Brazil,Serie A,2018,30/05/18,Sport,Atletico-MG
Brazil,Serie A,2018,30/05/18,Vasco,Parana Clube
Brazil,Serie A,2018,30/05/18,Vitoria,Internacional
Brazil,Serie A,2018,30/05/18,Chapecoense,Ceara
Brazil,Serie A,2018,30/05/18,Sao Paulo,Botafogo
Brazil,Serie A,2018,30/05/18,Cruzeiro,Palmeiras
Brazil,Serie A,2018,30/05/18,Gremio,Fluminense
Brazil,Serie A,2018,31/05/18,Flamengo,Bahia
Brazil,Serie A,2018,31/05/18,Corinthians,America MG
Brazil,Serie A,2018,31/05/18,Atletico-PR,Santos
Brazil,Serie A,2018,02/06/18,Atletico-MG,Chapecoense
Brazil,Serie A,2018,02/06/18,Internacional,Sport
Brazil,Serie A,2018,02/06/18,Vasco,Botafogo
Brazil,Serie A,2018,02/06/18,Palmeiras,Sao Paulo
Brazil,Serie A,2018,03/06/18,America MG,Atletico-PR
Brazil,Serie A,2018,03/06/18,Bahia,Gremio
Brazil,Serie A,2018,03/06/18,Flamengo,Corinthians
Brazil,Serie A,2018,03/06/18,Santos,Vitoria
Brazil,Serie A,2018,03/06/18,Ceara,Cruzeiro
Brazil,Serie A,2018,04/06/18,Parana Clube,Fluminense
Brazil,Serie A,2018,05/06/18,Sao Paulo,Internacional
Brazil,Serie A,2018,06/06/18,Botafogo,Ceara
Brazil,Serie A,2018,06/06/18,Vitoria,Chapecoense
Brazil,Serie A,2018,06/06/18,Corinthians,Santos
Brazil,Serie A,2018,06/06/18,Sport,Atletico-PR
Brazil,Serie A,2018,06/06/18,Cruzeiro,Vasco
Brazil,Serie A,2018,06/06/18,Gremio,Palmeiras
Brazil,Serie A,2018,07/06/18,Fluminense,Flamengo
Brazil,Serie A,2018,07/06/18,Parana Clube,Bahia
Brazil,Serie A,2018,08/06/18,America MG,Atletico-MG
Brazil,Serie A,2018,09/06/18,Atletico-PR,Sao Paulo
Brazil,Serie A,2018,09/06/18,Chapecoense,Cruzeiro
Brazil,Serie A,2018,09/06/18,Vasco,Sport
Brazil,Serie A,2018,09/06/18,Corinthians,Vitoria
Brazil,Serie A,2018,10/06/18,Atletico-MG,Fluminense
Brazil,Serie A,2018,10/06/18,Bahia,Botafogo
Brazil,Serie A,2018,10/06/18,Ceara,Palmeiras
Brazil,Serie A,2018,10/06/18,Gremio,America MG
Brazil,Serie A,2018,10/06/18,Flamengo,Parana Clube
Brazil,Serie A,2018,10/06/18,Santos,Internacional
Brazil,Serie A,2018,12/06/18,Sao Paulo,Vitoria
Brazil,Serie A,2018,13/06/18,America MG,Chapecoense
Brazil,Serie A,2018,13/06/18,Fluminense,Santos
Brazil,Serie A,2018,13/06/18,Parana Clube,Cruzeiro
Brazil,Serie A,2018,13/06/18,Sport,Gremio
Brazil,Serie A,2018,13/06/18,Botafogo,Atletico-PR
Brazil,Serie A,2018,13/06/18,Palmeiras,Flamengo
Brazil,Serie A,2018,13/06/18,Atletico-MG,Ceara
Brazil,Serie A,2018,13/06/18,Bahia,Corinthians
Brazil,Serie A,2018,13/06/18,Internacional,Vasco
Brazil,Serie A,2018,18/07/18,Ceara,Sport
Brazil,Serie A,2018,18/07/18,Vitoria,Parana Clube
Brazil,Serie A,2018,18/07/18,Corinthians,Botafogo
Brazil,Serie A,2018,18/07/18,Flamengo,Sao Paulo
Brazil,Serie A,2018,18/07/18,Gremio,Atletico-MG
Brazil,Serie A,2018,19/07/18,Chapecoense,Bahia
Brazil,Serie A,2018,19/07/18,Cruzeiro,America MG
Brazil,Serie A,2018,19/07/18,Santos,Palmeiras
Brazil,Serie A,2018,19/07/18,Vasco,Fluminense
Brazil,Serie A,2018,19/07/18,Atletico-PR,Internacional
Brazil,Serie A,2018,21/07/18,Flamengo,Botafogo
Brazil,Serie A,2018,21/07/18,Sao Paulo,Corinthians
Brazil,Serie A,2018,22/07/18,Bahia,Vitoria
Brazil,Serie A,2018,22/07/18,Palmeiras,Atletico-MG
Brazil,Serie A,2018,22/07/18,Parana Clube,America MG
Brazil,Serie A,2018,22/07/18,Sport,Fluminense
Brazil,Serie A,2018,22/07/18,Vasco,Gremio
Brazil,Serie A,2018,22/07/18,Chapecoense,Santos
Brazil,Serie A,2018,22/07/18,Cruzeiro,Atletico-PR
Brazil,Serie A,2018,23/07/18,Internacional,Ceara
Brazil,Serie A,2018,25/07/18,Fluminense,Palmeiras
Brazil,Serie A,2018,25/07/18,Atletico-MG,Parana Clube
Brazil,Serie A,2018,25/07/18,Corinthians,Cruzeiro
Brazil,Serie A,2018,25/07/18,Santos,Flamengo
Brazil,Serie A,2018,26/07/18,Botafogo,Chapecoense
Brazil,Serie A,2018,26/07/18,Gremio,Sao Paulo
Brazil,Serie A,2018,26/07/18,Vitoria,Sport
Brazil,Serie A,2018,26/07/18,America MG,Internacional
Brazil,Serie A,2018,28/07/18,Ceara,Fluminense
Brazil,Serie A,2018,29/07/18,Palmeiras,Parana Clube
Brazil,Serie A,2018,29/07/18,Vasco,Corinthians
Brazil,Serie A,2018,29/07/18,Atletico-PR,Vitoria
Brazil,Serie A,2018,29/07/18,Cruzeiro,Sao Paulo
Brazil,Serie A,2018,29/07/18,Flamengo,Sport
Brazil,Serie A,2018,29/07/18,Internacional,Botafogo
Brazil,Serie A,2018,29/07/18,Chapecoense,Gremio
Brazil,Serie A,2018,29/07/18,Santos,America MG
Brazil,Serie A,2018,30/07/18,Bahia,Atletico-MG
Brazil,Serie A,2018,04/08/18,Botafogo,Santos
Brazil,Serie A,2018,04/08/18,Gremio,Flamengo
Brazil,Serie A,2018,04/08/18,Corinthians,Atletico-PR
Brazil,Serie A,2018,05/08/18,America MG,Palmeiras
Brazil,Serie A,2018,05/08/18,Parana Clube,Ceara
Brazil,Serie A,2018,05/08/18,Sao Paulo,Vasco
Brazil,Serie A,2018,05/08/18,Vitoria,Cruzeiro
Brazil,Serie A,2018,05/08/18,Fluminense,Bahia
Brazil,Serie A,2018,05/08/18,Sport,Chapecoense
Brazil,Serie A,2018,06/08/18,Atletico-MG,Internacional
Brazil,Serie A,2018,08/08/18,Ceara,Santos
Brazil,Serie A,2018,11/08/18,Ceara,Atletico-PR
Brazil,Serie A,2018,11/08/18,Bahia,America MG
Brazil,Serie A,2018,12/08/18,Atletico-MG,Santos
Brazil,Serie A,2018,12/08/18,Parana Clube,Botafogo
Brazil,Serie A,2018,12/08/18,Chapecoense,Corinthians
Brazil,Serie A,2018,12/08/18,Flamengo,Cruzeiro
Brazil,Serie A,2018,12/08/18,Sport,Sao Paulo
Brazil,Serie A,2018,12/08/18,Gremio,Vitoria
Brazil,Serie A,2018,12/08/18,Palmeiras,Vasco
Brazil,Serie A,2018,13/08/18,Fluminense,Internacional
Brazil,Serie A,2018,18/08/18,Santos,Sport
Brazil,Serie A,2018,18/08/18,Corinthians,Gremio
Brazil,Serie A,2018,19/08/18,Atletico-PR,Flamengo
Brazil,Serie A,2018,19/08/18,Internacional,Parana Clube
Brazil,Serie A,2018,19/08/18,Botafogo,Atletico-MG
Brazil,Serie A,2018,19/08/18,Cruzeiro,Bahia
Brazil,Serie A,2018,19/08/18,Vitoria,Palmeiras
Brazil,Serie A,2018,19/08/18,America MG,Fluminense
Brazil,Serie A,2018,19/08/18,Sao Paulo,Chapecoense
Brazil,Serie A,2018,20/08/18,Vasco,Ceara
Brazil,Serie A,2018,22/08/18,Bahia,Internacional
Brazil,Serie A,2018,22/08/18,Parana Clube,Sao Paulo
Brazil,Serie A,2018,22/08/18,Palmeiras,Botafogo
Brazil,Serie A,2018,22/08/18,Sport,America MG
Brazil,Serie A,2018,22/08/18,Fluminense,Corinthians
Brazil,Serie A,2018,22/08/18,Gremio,Cruzeiro
Brazil,Serie A,2018,23/08/18,Flamengo,Vitoria
Brazil,Serie A,2018,23/08/18,Atletico-MG,Vasco
Brazil,Serie A,2018,25/08/18,Santos,Bahia
Brazil,Serie A,2018,25/08/18,Atletico-PR,Gremio
Brazil,Serie A,2018,25/08/18,Corinthians,Parana Clube
Brazil,Serie A,2018,25/08/18,Botafogo,Sport
Brazil,Serie A,2018,25/08/18,Cruzeiro,Fluminense
Brazil,Serie A,2018,26/08/18,Sao Paulo,Ceara
Brazil,Serie A,2018,26/08/18,America MG,Flamengo
Brazil,Serie A,2018,26/08/18,Internacional,Palmeiras
Brazil,Serie A,2018,26/08/18,Vitoria,Atletico-MG
Brazil,Serie A,2018,26/08/18,Vasco,Chapecoense
Brazil,Serie A,2018,29/08/18,Atletico-PR,Vasco
Brazil,Serie A,2018,29/08/18,Ceara,Bahia
Brazil,Serie A,2018,01/09/18,Gremio,Botafogo
Brazil,Serie A,2018,01/09/18,Vitoria,America MG
Brazil,Serie A,2018,01/09/18,Vasco,Santos
Brazil,Serie A,2018,01/09/18,Corinthians,Atletico-MG
Brazil,Serie A,2018,02/09/18,Flamengo,Ceara
Brazil,Serie A,2018,02/09/18,Atletico-PR,Bahia
Brazil,Serie A,2018,02/09/18,Sao Paulo,Fluminense
Brazil,Serie A,2018,02/09/18,Sport,Parana Clube
Brazil,Serie A,2018,02/09/18,Chapecoense,Palmeiras
Brazil,Serie A,2018,02/09/18,Cruzeiro,Internacional
Brazil,Serie A,2018,05/09/18,Bahia,Sport
Brazil,Serie A,2018,05/09/18,Botafogo,Cruzeiro
Brazil,Serie A,2018,05/09/18,Ceara,Corinthians
Brazil,Serie A,2018,05/09/18,Palmeiras,Atletico-PR
Brazil,Serie A,2018,05/09/18,Parana Clube,Chapecoense
Brazil,Serie A,2018,05/09/18,Atletico-MG,Sao Paulo
Brazil,Serie A,2018,05/09/18,Internacional,Flamengo
Brazil,Serie A,2018,06/09/18,Fluminense,Vitoria
Brazil,Serie A,2018,06/09/18,Santos,Gremio
Brazil,Serie A,2018,06/09/18,America MG,Vasco
Brazil,Serie A,2018,08/09/18,Sport,Cruzeiro
Brazil,Serie A,2018,08/09/18,Sao Paulo,Bahia
Brazil,Serie A,2018,08/09/18,Flamengo,Chapecoense
Brazil,Serie A,2018,09/09/18,America MG,Ceara
Brazil,Serie A,2018,09/09/18,Fluminense,Botafogo
Brazil,Serie A,2018,09/09/18,Internacional,Gremio
Brazil,Serie A,2018,09/09/18,Palmeiras,Corinthians
Brazil,Serie A,2018,09/09/18,Parana Clube,Santos
Brazil,Serie A,2018,09/09/18,Vitoria,Vasco
Brazil,Serie A,2018,10/09/18,Atletico-MG,Atletico-PR
Brazil,Serie A,2018,13/09/18,Chapecoense,Atletico-PR
Brazil,Serie A,2018,15/09/18,Ceara,Vitoria
Brazil,Serie A,2018,15/09/18,Gremio,Parana Clube
Brazil,Serie A,2018,15/09/18,Vasco,Flamengo
Brazil,Serie A,2018,16/09/18,Botafogo,America MG
Brazil,Serie A,2018,16/09/18,Atletico-PR,Fluminense
Brazil,Serie A,2018,16/09/18,Bahia,Palmeiras
Brazil,Serie A,2018,16/09/18,Cruzeiro,Atletico-MG
Brazil,Serie A,2018,16/09/18,Santos,Sao Paulo
Brazil,Serie A,2018,16/09/18,Corinthians,Sport
Brazil,Serie A,2018,17/09/18,Chapecoense,Internacional
Brazil,Serie A,2018,22/09/18,Sao Paulo,America MG
Brazil,Serie A,2018,23/09/18,Gremio,Ceara
Brazil,Serie A,2018,23/09/18,Atletico-PR,Parana Clube
Brazil,Serie A,2018,23/09/18,Corinthians,Internacional
Brazil,Serie A,2018,23/09/18,Flamengo,Atletico-MG
Brazil,Serie A,2018,23/09/18,Sport,Palmeiras
Brazil,Serie A,2018,23/09/18,Vitoria,Botafogo
Brazil,Serie A,2018,23/09/18,Cruzeiro,Santos
Brazil,Serie A,2018,24/09/18,Chapecoense,Fluminense
Brazil,Serie A,2018,24/09/18,Vasco,Bahia
Brazil,Serie A,2018,27/09/18,Santos,Vasco
Brazil,Serie A,2018,29/09/18,Fluminense,Gremio
Brazil,Serie A,2018,29/09/18,America MG,Corinthians
Brazil,Serie A,2018,29/09/18,Bahia,Flamengo
Brazil,Serie A,2018,30/09/18,Palmeiras,Cruzeiro
Brazil,Serie A,2018,30/09/18,Atletico-MG,Sport
Brazil,Serie A,2018,30/09/18,Botafogo,Sao Paulo
Brazil,Serie A,2018,30/09/18,Internacional,Vitoria
Brazil,Serie A,2018,30/09/18,Santos,Atletico-PR
Brazil,Serie A,2018,30/09/18,Ceara,Chapecoense
Brazil,Serie A,2018,01/10/18,Parana Clube,Vasco
Brazil,Serie A,2018,05/10/18,Sport,Internacional
Brazil,Serie A,2018,05/10/18,Corinthians,Flamengo
Brazil,Serie A,2018,05/10/18,Vitoria,Santos
Brazil,Serie A,2018,06/10/18,Atletico-PR,America MG
Brazil,Serie A,2018,06/10/18,Chapecoense,Atletico-MG
Brazil,Serie A,2018,06/10/18,Sao Paulo,Palmeiras
Brazil,Serie A,2018,06/10/18,Gremio,Bahia
Brazil,Serie A,2018,08/10/18,Fluminense,Parana Clube
Brazil,Serie A,2018,09/10/18,Botafogo,Vasco
Brazil,Serie A,2018,13/10/18,Flamengo,Fluminense
Brazil,Serie A,2018,13/10/18,Santos,Corinthians
Brazil,Serie A,2018,13/10/18,Bahia,Parana Clube
Brazil,Serie A,2018,14/10/18,Chapecoense,Vitoria
Brazil,Serie A,2018,14/10/18,Internacional,Sao Paulo
Brazil,Serie A,2018,14/10/18,Palmeiras,Gremio
Brazil,Serie A,2018,14/10/18,Vasco,Cruzeiro
Brazil,Serie A,2018,14/10/18,Atletico-MG,America MG
Brazil,Serie A,2018,14/10/18,Atletico-PR,Sport
Brazil,Serie A,2018,15/10/18,Ceara,Botafogo
Brazil,Serie A,2018,20/10/18,America MG,Gremio
Brazil,Serie A,2018,20/10/18,Botafogo,Bahia
Brazil,Serie A,2018,20/10/18,Sao Paulo,Atletico-PR
Brazil,Serie A,2018,20/10/18,Sport,Vasco
Brazil,Serie A,2018,21/10/18,Fluminense,Atletico-MG
Brazil,Serie A,2018,21/10/18,Palmeiras,Ceara
Brazil,Serie A,2018,21/10/18,Vitoria,Corinthians
Brazil,Serie A,2018,21/10/18,Cruzeiro,Chapecoense
Brazil,Serie A,2018,21/10/18,Parana Clube,Flamengo
Brazil,Serie A,2018,22/10/18,Internacional,Santos
Brazil,Serie A,2018,24/10/18,Cruzeiro,Ceara
Brazil,Serie A,2018,26/10/18,Vitoria,Sao Paulo
Brazil,Serie A,2018,26/10/18,Vasco,Internacional
Brazil,Serie A,2018,27/10/18,Gremio,Sport
Brazil,Serie A,2018,27/10/18,Santos,Fluminense
Brazil,Serie A,2018,27/10/18,Chapecoense,America MG
Brazil,Serie A,2018,27/10/18,Corinthians,Bahia
Brazil,Serie A,2018,27/10/18,Flamengo,Palmeiras
Brazil,Serie A,2018,27/10/18,Atletico-PR,Botafogo
Brazil,Serie A,2018,27/10/18,Cruzeiro,Parana Clube
Brazil,Serie A,2018,29/10/18,Ceara,Atletico-MG
Brazil,Serie A,2018,03/11/18,Atletico-MG,Gremio
Brazil,Serie A,2018,03/11/18,Fluminense,Vasco
Brazil,Serie A,2018,03/11/18,Palmeiras,Santos
Brazil,Serie A,2018,04/11/18,America MG,Cruzeiro
Brazil,Serie A,2018,04/11/18,Botafogo,Corinthians
Brazil,Serie A,2018,04/11/18,Parana Clube,Vitoria
Brazil,Serie A,2018,04/11/18,Sao Paulo,Flamengo
Brazil,Serie A,2018,04/11/18,Bahia,Chapecoense
Brazil,Serie A,2018,04/11/18,Internacional,Atletico-PR
Brazil,Serie A,2018,05/11/18,Sport,Ceara
Brazil,Serie A,2018,10/11/18,America MG,Parana Clube
Brazil,Serie A,2018,10/11/18,Corinthians,Sao Paulo
Brazil,Serie A,2018,10/11/18,Atletico-PR,Cruzeiro
Brazil,Serie A,2018,10/11/18,Botafogo,Flamengo
Brazil,Serie A,2018,11/11/18,Atletico-MG,Palmeiras
Brazil,Serie A,2018,11/11/18,Ceara,Internacional
Brazil,Serie A,2018,11/11/18,Gremio,Vasco
Brazil,Serie A,2018,11/11/18,Vitoria,Bahia
Brazil,Serie A,2018,11/11/18,Fluminense,Sport
Brazil,Serie A,2018,12/11/18,Santos,Chapecoense
Brazil,Serie A,2018,14/11/18,Bahia,Ceara
Brazil,Serie A,2018,15/11/18,Chapecoense,Botafogo
Brazil,Serie A,2018,14/11/18,Cruzeiro,Corinthians
Brazil,Serie A,2018,15/11/18,Flamengo,Santos
Brazil,Serie A,2018,15/11/18,Internacional,America MG
Brazil,Serie A,2018,14/11/18,Palmeiras,Fluminense
Brazil,Serie A,2018,14/11/18,Parana Clube,Atletico-MG
Brazil,Serie A,2018,15/11/18,Sao Paulo,Gremio
Brazil,Serie A,2018,14/11/18,Sport,Vitoria
Brazil,Serie A,2018,14/11/18,Vasco,Atletico-PR
Brazil,Serie A,2018,17/11/18,Corinthians,Vasco
Brazil,Serie A,2018,17/11/18,Vitoria,Atletico-PR
Brazil,Serie A,2018,17/11/18,Atletico-MG,Bahia
Brazil,Serie A,2018,18/11/18,America MG,Santos
Brazil,Serie A,2018,18/11/18,Botafogo,Internacional
Brazil,Serie A,2018,18/11/18,Parana Clube,Palmeiras
Brazil,Serie A,2018,18/11/18,Sport,Flamengo
Brazil,Serie A,2018,18/11/18,Gremio,Chapecoense
Brazil,Serie A,2018,18/11/18,Sao Paulo,Cruzeiro
Brazil,Serie A,2018,19/11/18,Fluminense,Ceara
Brazil,Serie A,2018,21/11/18,Internacional,Atletico-MG
Brazil,Serie A,2018,21/11/18,Santos,Botafogo
Brazil,Serie A,2018,21/11/18,Atletico-PR,Corinthians
Brazil,Serie A,2018,21/11/18,Cruzeiro,Vitoria
Brazil,Serie A,2018,21/11/18,Flamengo,Gremio
Brazil,Serie A,2018,21/11/18,Palmeiras,America MG
Brazil,Serie A,2018,22/11/18,Vasco,Sao Paulo
Brazil,Serie A,2018,22/11/18,Bahia,Fluminense
Brazil,Serie A,2018,22/11/18,Ceara,Parana Clube
Brazil,Serie A,2018,22/11/18,Chapecoense,Sport
Brazil,Serie A,2018,24/11/18,Santos,Atletico-MG
Brazil,Serie A,2018,25/11/18,Atletico-PR,Ceara
Brazil,Serie A,2018,25/11/18,Cruzeiro,Flamengo
Brazil,Serie A,2018,25/11/18,Vasco,Palmeiras
Brazil,Serie A,2018,25/11/18,Vitoria,Gremio
Brazil,Serie A,2018,25/11/18,America MG,Bahia
Brazil,Serie A,2018,25/11/18,Corinthians,Chapecoense
Brazil,Serie A,2018,25/11/18,Internacional,Fluminense
Brazil,Serie A,2018,26/11/18,Botafogo,Parana Clube
Brazil,Serie A,2018,26/11/18,Sao Paulo,Sport
Brazil,Serie A,2018,01/12/18,Atletico-MG,Botafogo
Brazil,Serie A,2018,01/12/18,Flamengo,Atletico-PR
Brazil,Serie A,2018,02/12/18,Bahia,Cruzeiro
Brazil,Serie A,2018,02/12/18,Ceara,Vasco
Brazil,Serie A,2018,02/12/18,Chapecoense,Sao Paulo
Brazil,Serie A,2018,02/12/18,Fluminense,America MG
Brazil,Serie A,2018,02/12/18,Gremio,Corinthians
Brazil,Serie A,2018,02/12/18,Palmeiras,Vitoria
Brazil,Serie A,2018,02/12/18,Parana Clube,Internacional
Brazil,Serie A,2018,02/12/18,Sport,Santos
